citric acid,total sulfur dioxide,free sulfur dioxide,residual sugar,chlorides,volatile acidity,quality
0.0,34.0,11.0,1.9,0.076,0.7,0.5
0.0,67.0,25.0,2.6,0.098,0.88,0.5
0.04,54.0,15.0,2.3,0.092,0.76,0.5
0.56,60.0,17.0,1.9,0.075,0.28,0.5
0.0,34.0,11.0,1.9,0.076,0.7,0.5
0.0,40.0,13.0,1.8,0.075,0.66,0.5
0.06,59.0,15.0,1.6,0.069,0.6,0.5
0.0,21.0,15.0,1.2,0.065,0.65,1.0
0.02,18.0,9.0,2.0,0.073,0.58,1.0
0.36,102.0,17.0,6.1,0.071,0.5,0.5
0.08,65.0,15.0,1.8,0.097,0.58,0.5
0.36,102.0,17.0,6.1,0.071,0.5,0.5
0.0,59.0,16.0,1.6,0.08900000000000001,0.615,0.5
0.29,29.0,9.0,1.6,0.114,0.61,0.5
0.18,145.0,52.0,3.8,0.17600000000000002,0.62,0.5
0.19,148.0,51.0,3.9,0.17,0.62,0.5
0.56,103.0,35.0,1.8,0.092,0.28,1.0
0.28,56.0,16.0,1.7,0.368,0.56,0.5
0.08,29.0,6.0,4.4,0.086,0.59,0.0
0.51,56.0,17.0,1.8,0.341,0.32,0.5
0.48,60.0,29.0,1.8,0.077,0.22,0.5
0.31,71.0,23.0,2.3,0.08199999999999999,0.39,0.5
0.21,37.0,10.0,1.6,0.106,0.43,0.5
0.11,67.0,9.0,2.3,0.084,0.49,0.5
0.14,40.0,21.0,2.4,0.085,0.4,0.5
0.16,23.0,11.0,1.4,0.08,0.39,0.5
0.24,11.0,4.0,1.8,0.08,0.41,0.5
0.21,37.0,10.0,1.6,0.106,0.43,0.5
0.0,35.0,14.0,1.9,0.08,0.71,0.5
0.0,16.0,8.0,2.0,0.08199999999999999,0.645,0.5
0.07,82.0,17.0,2.4,0.08900000000000001,0.675,0.5
0.0,37.0,22.0,2.5,0.105,0.685,0.5
0.12,113.0,15.0,2.3,0.083,0.655,0.5
0.12,83.0,40.0,10.7,0.073,0.605,0.5
0.25,50.0,13.0,1.8,0.103,0.32,0.5
0.0,18.0,5.0,5.5,0.086,0.645,0.5
0.14,15.0,3.0,2.4,0.086,0.6,0.5
0.28,30.0,13.0,2.1,0.066,0.38,1.0
0.09,19.0,7.0,1.5,0.172,1.13,0.0
0.36,87.0,12.0,5.9,0.07400000000000001,0.45,0.5
0.36,87.0,12.0,5.9,0.07400000000000001,0.45,0.5
0.3,46.0,17.0,2.8,0.08800000000000001,0.61,0.0
0.2,14.0,8.0,2.6,0.332,0.49,0.5
0.22,23.0,9.0,2.2,0.069,0.66,0.5
0.02,11.0,5.0,1.8,0.05,0.67,0.5
0.15,65.0,8.0,2.1,0.054000000000000006,0.52,0.0
0.43,114.0,22.0,2.2,0.114,0.935,0.5
0.52,37.0,12.0,1.6,0.113,0.29,0.5
0.23,12.0,5.0,1.6,0.066,0.4,0.5
0.37,96.0,12.0,1.4,0.07400000000000001,0.31,0.5
0.26,23.0,4.0,1.7,0.07400000000000001,0.66,0.5
0.04,15.0,8.0,2.2,0.069,0.52,0.5
0.04,14.0,6.0,2.1,0.068,0.5,0.5
0.36,119.0,30.0,3.0,0.081,0.38,0.5
0.15,73.0,33.0,2.8,0.11,0.51,0.5
0.04,45.0,25.0,3.8,0.084,0.62,0.5
0.57,10.0,4.0,3.4,0.07,0.42,0.5
0.12,110.0,50.0,5.1,0.111,0.63,0.5
0.18,54.0,17.0,2.3,0.076,0.59,0.5
0.31,46.0,9.0,2.4,0.07400000000000001,0.39,0.5
0.4,52.0,19.0,2.2,0.079,0.4,0.5
0.49,112.0,20.0,1.8,0.115,0.69,0.5
0.16,35.0,12.0,1.9,0.085,0.52,1.0
0.05,54.0,13.0,2.0,0.081,0.735,0.5
0.05,11.0,4.0,4.65,0.086,0.725,0.5
0.05,11.0,4.0,4.65,0.086,0.725,0.5
0.11,39.0,11.0,1.5,0.079,0.52,0.5
0.07,15.0,6.0,1.6,0.076,0.705,0.5
0.57,65.0,27.0,2.0,0.07400000000000001,0.32,0.5
0.05,19.0,8.0,1.9,0.07400000000000001,0.705,0.5
0.08,27.0,15.0,1.9,0.076,0.63,0.5
0.23,96.0,17.0,2.1,0.08800000000000001,0.67,0.5
0.22,94.0,18.0,1.9,0.084,0.69,0.5
0.26,43.0,11.0,2.1,0.084,0.675,0.0
0.54,83.0,28.0,2.5,0.094,0.32,0.5
0.64,42.0,9.0,2.2,0.093,0.41,0.5
0.64,42.0,9.0,2.2,0.093,0.41,0.5
0.0,30.0,14.0,2.4,0.104,0.785,0.5
0.12,80.0,12.0,2.0,0.086,0.75,0.5
0.2,119.0,27.0,1.5,0.08,0.625,0.0
0.2,15.0,3.0,1.6,0.069,0.45,0.5
0.7,67.0,22.0,1.9,0.464,0.43,0.5
0.47,73.0,21.0,2.0,0.086,0.5,0.5
0.26,51.0,16.0,1.8,0.401,0.67,0.5
0.48,61.0,18.0,1.8,0.069,0.3,0.5
0.15,40.0,19.0,2.2,0.076,0.55,0.5
0.28,136.0,20.0,1.9,0.11,0.49,0.5
0.26,31.0,9.0,1.9,0.062,0.49,0.5
0.44,125.0,34.0,2.1,0.107,0.39,0.5
0.08,24.0,8.0,1.8,0.076,0.62,0.5
0.26,140.0,42.0,1.9,0.079,0.52,0.5
0.28,136.0,20.0,1.9,0.11,0.49,0.5
0.29,133.0,19.0,2.0,0.11,0.49,0.5
0.26,31.0,9.0,1.9,0.062,0.49,0.5
0.04,85.0,41.0,1.4,0.045,1.02,0.0
0.17,106.0,17.0,2.3,0.058,0.6,0.5
0.0,23.0,8.0,3.0,0.102,0.775,0.5
0.25,22.0,3.0,2.0,0.07,0.5,0.5
0.06,10.0,5.0,2.5,0.079,0.9,0.5
0.18,35.0,13.0,1.9,0.08,0.545,0.5
0.3,50.0,11.0,2.1,0.084,0.61,0.5
0.3,22.0,8.0,1.9,0.075,0.5,0.5
0.18,35.0,13.0,1.9,0.08,0.545,0.5
0.22,65.0,12.0,2.1,0.077,0.575,0.5
0.24,36.0,5.0,2.2,0.07,0.49,0.5
0.22,65.0,12.0,2.1,0.077,0.575,0.5
0.68,69.0,18.0,1.7,0.467,0.41,0.5
0.31,64.0,15.0,1.7,0.08800000000000001,0.63,0.5
0.53,80.0,18.0,2.5,0.091,0.33,0.5
0.52,153.0,37.0,2.0,0.122,0.785,0.5
0.19,47.0,12.0,1.8,0.104,0.56,0.5
0.09,108.0,11.0,2.2,0.084,0.62,0.5
0.1,111.0,14.0,2.2,0.085,0.6,0.5
0.44,46.0,22.0,2.3,0.08,0.31,0.5
0.19,47.0,12.0,1.8,0.104,0.56,0.5
0.31,62.0,13.0,2.2,0.09,0.4,0.5
0.28,40.0,11.0,1.9,0.077,0.54,0.5
0.12,28.0,7.0,2.0,0.08199999999999999,0.56,0.5
0.04,56.0,14.0,2.2,0.119,0.55,0.5
0.08,89.0,22.0,1.8,0.097,0.69,0.5
0.09,89.0,10.0,1.7,0.17800000000000002,1.07,0.5
0.04,56.0,14.0,2.2,0.119,0.55,0.5
0.0,13.0,3.0,2.5,0.075,0.695,0.5
0.0,34.0,11.0,2.6,0.08,0.71,0.5
0.17,102.0,21.0,1.6,0.08199999999999999,0.5,0.5
0.04,90.0,27.0,1.9,0.146,0.62,0.5
0.0,12.0,3.0,1.7,0.081,1.33,0.5
0.0,12.0,3.0,1.8,0.08199999999999999,1.33,0.5
0.16,16.0,3.0,1.8,0.065,0.59,1.0
0.15,19.0,6.0,1.8,0.07200000000000001,0.38,0.5
0.56,134.0,30.0,2.0,0.118,0.745,0.5
0.09,99.0,17.0,2.3,0.049,0.5,0.5
0.09,99.0,17.0,2.3,0.049,0.5,0.5
0.01,26.0,17.0,1.5,0.06,0.5,0.5
0.05,29.0,13.0,2.2,0.084,1.04,0.5
0.11,63.0,16.0,1.9,0.09,0.745,0.5
0.15,52.0,10.0,1.8,0.08900000000000001,0.715,0.5
0.36,45.0,13.0,2.0,0.081,0.415,0.5
0.19,105.0,15.0,2.1,0.081,0.56,0.5
0.19,108.0,17.0,2.0,0.081,0.56,0.5
0.11,63.0,16.0,1.9,0.09,0.745,0.5
0.15,52.0,10.0,1.8,0.08900000000000001,0.715,0.5
0.0,63.0,27.0,1.8,0.05,0.34,0.5
0.08,20.0,3.0,1.7,0.066,0.39,0.5
0.0,63.0,27.0,1.8,0.05,0.34,0.5
0.55,141.0,32.0,1.8,0.117,0.67,0.5
0.02,94.0,21.0,1.8,0.087,0.68,0.5
0.26,88.0,10.0,1.6,0.236,0.49,0.5
0.1,30.0,12.0,2.3,0.07400000000000001,0.49,0.5
0.44,43.0,11.0,2.8,0.08900000000000001,0.4,0.5
0.47,11.0,5.0,2.1,0.077,0.33,0.5
1.0,69.0,32.0,3.4,0.61,0.52,0.0
0.03,99.0,25.0,1.8,0.095,0.6,0.5
0.03,99.0,25.0,1.8,0.095,0.6,0.5
0.42,129.0,29.0,5.5,0.07,0.43,0.5
0.42,128.0,28.0,5.5,0.071,0.43,0.5
0.42,129.0,29.0,5.5,0.07,0.43,0.5
0.42,128.0,28.0,5.5,0.071,0.43,0.5
0.0,22.0,12.0,2.2,0.073,0.68,0.5
0.18,86.0,18.0,1.9,0.079,0.6,0.5
0.03,20.0,7.0,2.0,0.09,0.95,0.5
0.02,20.0,9.0,1.3,0.07200000000000001,0.68,0.0
0.04,31.0,17.0,1.7,0.076,0.53,0.5
0.26,121.0,36.0,7.3,0.07,0.6,0.5
0.26,121.0,35.0,7.2,0.07,0.59,0.5
0.48,96.0,14.0,1.7,0.1,0.63,0.5
0.1,101.0,18.0,2.1,0.085,0.64,0.5
0.03,42.0,17.0,1.6,0.07200000000000001,0.55,0.0
0.07,44.0,11.0,2.1,0.08900000000000001,0.63,0.5
0.24,63.0,15.0,1.8,0.36,0.705,0.5
0.03,8.0,4.0,1.8,0.058,0.885,0.0
0.17,18.0,6.0,2.0,0.073,0.42,0.5
0.17,18.0,6.0,2.0,0.073,0.42,0.5
0.05,42.0,24.0,1.9,0.068,0.62,0.5
0.21,35.0,7.0,2.0,0.08,0.38,0.5
0.04,49.0,19.0,1.5,0.085,0.5,0.5
0.21,35.0,7.0,2.0,0.08,0.38,0.5
0.42,38.0,8.0,2.3,0.087,0.52,0.5
0.0,20.0,7.0,2.5,0.068,0.805,0.5
0.14,42.0,10.0,2.4,0.067,0.61,0.5
0.14,42.0,10.0,2.4,0.067,0.61,0.5
0.49,110.0,23.0,2.0,0.27,0.61,0.5
0.02,42.0,16.0,2.5,0.076,0.73,0.5
0.2,65.0,11.0,1.8,0.077,0.61,0.5
0.21,62.0,8.0,1.9,0.079,0.62,0.5
0.57,85.0,26.0,2.0,0.111,0.31,0.5
0.48,67.0,14.0,2.0,0.08199999999999999,0.39,0.5
0.1,26.0,9.0,2.6,0.084,0.705,0.5
0.33,143.0,15.0,2.0,0.084,0.5,0.5
0.32,144.0,17.0,1.9,0.08199999999999999,0.49,0.5
0.35,127.0,21.0,2.9,0.077,0.5,0.5
0.25,49.0,21.0,1.9,0.07400000000000001,0.37,0.5
0.12,126.0,16.0,3.8,0.099,0.63,0.5
0.21,28.0,7.0,2.2,0.071,0.55,0.5
0.21,28.0,7.0,2.2,0.071,0.55,0.5
0.33,120.0,24.0,2.0,0.07400000000000001,0.59,0.5
0.3,55.0,15.0,2.4,0.07400000000000001,0.58,0.5
0.6,27.0,12.0,2.0,0.067,0.3,0.5
0.08,93.0,13.0,1.2,0.046,0.835,1.0
0.06,31.0,12.0,2.1,0.061,1.09,0.0
0.47,24.0,9.0,1.4,0.056,0.32,1.0
0.48,145.0,39.0,2.1,0.097,0.37,0.5
0.11,49.0,16.0,1.5,0.075,0.5,0.5
0.35,39.0,16.0,1.6,0.08800000000000001,0.42,0.5
0.36,37.0,14.0,1.6,0.08900000000000001,0.43,0.5
0.74,28.0,9.0,2.6,0.095,0.3,1.0
0.74,28.0,9.0,2.6,0.095,0.3,1.0
0.31,120.0,26.0,1.8,0.069,0.57,0.5
0.28,95.0,18.0,2.7,0.1,0.44,0.5
0.58,19.0,7.0,2.1,0.054000000000000006,0.3,1.0
0.6,19.0,5.0,2.0,0.039,0.53,0.5
0.24,62.0,10.0,2.8,0.083,0.725,0.5
0.64,15.0,5.0,2.1,0.059,0.44,0.5
0.26,65.0,28.0,2.2,0.06,0.57,0.5
0.08,41.0,10.0,2.4,0.092,0.735,0.5
0.49,121.0,26.0,5.6,0.06,0.49,0.5
0.16,49.0,13.0,2.0,0.101,0.625,0.5
0.22,41.0,11.0,2.2,0.07200000000000001,0.725,0.5
0.19,44.0,10.0,1.9,0.076,0.49,0.5
0.33,144.0,24.0,2.4,0.08,0.53,0.5
0.37,58.0,24.0,2.0,0.08199999999999999,0.34,0.5
0.26,72.0,16.0,2.0,0.101,0.53,0.5
0.04,10.0,5.0,1.5,0.057,0.61,0.5
0.25,28.0,8.0,2.0,0.083,0.645,0.5
0.36,55.0,15.0,2.0,0.08900000000000001,0.635,0.0
0.25,63.0,29.0,2.6,0.073,0.43,0.5
0.5,81.0,27.0,2.0,0.337,0.59,0.5
0.14,23.0,9.0,2.6,0.08900000000000001,0.82,0.5
0.25,63.0,29.0,2.6,0.073,0.43,0.5
0.25,37.0,10.0,2.6,0.081,0.52,0.5
0.04,106.0,19.0,1.6,0.054000000000000006,0.48,1.0
0.06,49.0,12.0,1.8,0.078,0.38,0.5
0.2,58.0,18.0,2.8,0.09,0.37,0.5
0.25,37.0,10.0,2.6,0.081,0.52,0.5
0.09,37.0,7.0,2.3,0.065,1.0,0.5
0.0,38.0,14.0,1.9,0.097,0.63,0.5
0.0,38.0,14.0,1.9,0.097,0.63,0.5
0.0,39.0,15.0,1.9,0.097,0.645,0.5
0.0,38.0,14.0,1.9,0.097,0.63,0.5
0.09,37.0,7.0,2.3,0.065,1.0,0.5
0.37,62.0,5.0,1.7,0.263,0.635,0.5
0.56,24.0,6.0,2.1,0.093,0.38,0.5
0.1,109.0,28.0,1.8,0.102,0.58,0.5
0.44,24.0,10.0,2.2,0.075,0.21,1.0
0.44,24.0,10.0,2.2,0.075,0.21,1.0
0.0,23.0,6.0,2.0,0.084,0.66,0.5
0.07,51.0,16.0,1.9,0.075,0.68,0.5
0.17,73.0,11.0,2.3,0.07200000000000001,0.6,0.5
0.06,39.0,9.0,1.7,0.07400000000000001,0.53,0.5
0.0,23.0,6.0,2.0,0.084,0.66,0.5
0.44,37.0,16.0,1.6,0.063,0.32,0.5
0.0,34.0,16.0,1.8,0.07400000000000001,0.6,0.5
0.48,21.0,5.0,3.1,0.09,0.35,0.5
0.42,86.0,8.0,1.9,0.092,0.775,0.5
0.0,34.0,16.0,1.8,0.07400000000000001,0.6,0.5
0.23,119.0,17.0,3.2,0.073,0.57,0.5
0.37,13.0,5.0,2.2,0.075,0.34,0.5
0.0,56.0,12.0,2.1,0.075,0.695,0.5
0.76,45.0,8.0,1.8,0.611,0.41,0.5
0.47,33.0,14.0,2.6,0.085,0.31,1.0
0.23,45.0,18.0,1.7,0.077,0.33,0.5
0.04,67.0,12.0,2.0,0.087,0.975,0.0
0.03,35.0,10.0,1.7,0.07,0.52,0.5
0.23,49.0,23.0,1.8,0.077,0.37,0.5
0.49,27.0,5.0,2.4,0.064,0.56,0.5
0.52,10.0,6.0,1.8,0.071,0.26,1.0
0.0,61.0,26.0,3.3,0.096,0.87,0.0
0.46,37.0,15.0,3.6,0.078,0.35,1.0
0.04,27.0,7.0,3.0,0.077,0.54,0.5
0.51,23.0,4.0,4.0,0.104,0.18,0.5
0.06,61.0,27.0,4.0,0.087,0.545,0.5
0.51,23.0,4.0,4.0,0.104,0.18,0.5
0.58,65.0,17.0,4.0,0.071,0.37,0.5
0.2,38.0,10.0,2.4,0.076,0.715,0.5
0.18,94.0,27.0,7.0,0.08800000000000001,0.65,0.5
0.06,61.0,27.0,4.0,0.087,0.545,0.5
0.04,27.0,7.0,3.0,0.077,0.54,0.5
0.51,23.0,4.0,4.0,0.104,0.18,0.5
0.45,13.0,5.0,6.4,0.073,0.32,1.0
0.32,47.0,10.0,5.6,0.087,0.4,1.0
0.44,19.0,6.0,3.6,0.071,0.26,0.5
0.68,10.0,5.0,3.5,0.358,0.27,1.0
0.12,53.0,12.0,3.0,0.067,0.52,0.5
0.32,47.0,10.0,5.6,0.087,0.4,1.0
0.07,71.0,32.0,3.4,0.102,0.59,0.5
0.07,71.0,32.0,3.4,0.102,0.59,0.5
0.55,49.0,25.0,2.0,0.073,0.45,0.5
0.12,53.0,29.0,3.0,0.092,0.4,0.5
0.09,49.0,20.0,2.5,0.091,0.52,1.0
0.53,98.0,33.0,3.3,0.105,0.42,0.5
0.09,49.0,20.0,2.5,0.091,0.52,1.0
0.48,18.0,6.0,2.0,0.343,0.2,0.5
0.23,48.0,18.0,2.7,0.091,0.55,0.5
0.25,16.0,5.0,2.4,0.098,0.36,0.5
0.52,53.0,17.0,3.2,0.094,0.34,0.5
0.46,27.0,5.0,2.5,0.073,0.5,0.5
0.37,70.0,26.0,2.6,0.086,0.83,0.5
0.06,29.0,8.0,2.0,0.083,0.63,0.5
0.02,31.0,5.0,2.3,0.094,0.65,0.5
0.06,33.0,8.0,2.1,0.08,0.67,0.5
0.06,44.0,20.0,2.6,0.086,0.53,0.5
0.48,15.0,7.0,1.5,0.068,0.18,0.5
0.12,28.0,12.0,2.6,0.092,0.705,0.5
0.12,21.0,5.0,1.6,0.18600000000000005,0.67,0.5
0.6,90.0,12.0,2.1,0.112,0.65,0.5
0.48,25.0,6.0,2.5,0.063,0.53,0.5
0.32,54.0,7.0,2.2,0.08199999999999999,0.62,0.5
0.42,14.0,6.0,2.4,0.213,0.41,0.5
0.44,12.0,5.0,2.4,0.214,0.43,0.5
0.38,30.0,9.0,1.7,0.062,0.29,0.5
0.48,25.0,6.0,2.5,0.063,0.53,0.5
0.24,105.0,15.0,2.0,0.07200000000000001,0.53,0.5
0.31,98.0,19.0,2.8,0.093,0.46,0.5
0.3,135.0,30.0,3.0,0.076,0.47,0.5
0.29,72.0,26.0,2.6,0.087,0.36,0.5
0.29,53.0,20.0,2.5,0.096,0.35,0.5
0.23,92.0,37.0,3.4,0.102,0.56,0.5
0.12,74.0,30.0,2.9,0.08199999999999999,0.77,0.5
0.39,59.0,21.0,3.2,0.083,0.66,1.0
0.12,74.0,30.0,2.9,0.08199999999999999,0.77,0.5
0.39,59.0,21.0,3.2,0.083,0.66,1.0
0.26,87.0,25.0,3.4,0.09,0.61,0.5
0.05,18.0,6.0,2.3,0.079,0.62,0.5
0.42,73.0,35.0,2.8,0.09,0.59,0.5
0.2,50.0,13.0,11.0,0.071,0.49,0.5
0.2,50.0,13.0,11.0,0.071,0.49,0.5
0.66,14.0,6.0,3.65,0.121,0.53,1.0
0.5,13.0,5.0,4.5,0.107,0.44,0.5
0.62,21.0,6.0,2.6,0.08199999999999999,0.27,0.5
0.39,15.0,7.0,2.0,0.061,0.46,0.5
0.64,41.0,10.0,2.9,0.122,0.36,0.5
0.64,41.0,10.0,2.9,0.122,0.36,0.5
0.28,114.0,21.0,3.2,0.066,0.58,0.5
0.08,44.0,16.0,2.1,0.105,0.56,0.5
0.01,38.0,17.0,2.5,0.078,0.65,1.0
0.53,21.0,7.0,3.4,0.128,0.695,1.0
0.45,16.0,6.0,1.9,0.052000000000000005,0.43,0.5
0.32,58.0,29.0,2.8,0.08,0.43,0.5
0.58,99.0,28.0,3.0,0.103,0.49,0.5
0.54,29.0,12.0,2.3,0.08199999999999999,0.28,1.0
0.5,21.0,10.0,2.4,0.066,0.34,0.5
0.48,18.0,5.0,2.7,0.065,0.42,0.5
0.47,14.0,6.0,1.8,0.118,0.39,0.5
0.47,14.0,6.0,1.8,0.118,0.39,0.5
0.5,32.0,6.0,2.6,0.08199999999999999,0.57,0.5
0.0,63.0,40.0,1.9,0.067,0.685,0.5
0.02,34.0,17.0,2.7,0.07200000000000001,0.815,1.0
0.67,15.0,6.0,3.0,0.093,0.49,0.5
0.31,46.0,15.0,2.8,0.08900000000000001,0.56,0.5
0.0,28.0,11.0,2.6,0.093,0.785,0.5
0.22,34.0,17.0,2.7,0.107,0.67,0.5
0.0,26.0,11.0,2.6,0.096,0.795,0.5
0.0,19.0,8.0,2.4,0.09,0.665,0.5
0.79,77.0,23.0,4.8,0.12,0.53,0.5
0.4,165.0,40.5,1.4,0.066,0.21,0.5
0.01,32.0,17.0,2.4,0.078,0.75,0.5
0.52,55.0,29.0,3.0,0.08,0.41,0.5
0.66,29.0,12.0,2.95,0.116,0.42,1.0
0.66,23.0,10.0,3.1,0.109,0.43,1.0
0.66,41.0,10.0,2.6,0.08800000000000001,0.38,0.5
0.23,81.0,14.0,2.0,0.099,0.7,0.5
0.31,50.0,21.0,2.6,0.086,0.45,0.5
0.66,37.0,6.0,2.5,0.07200000000000001,0.58,0.5
0.63,15.0,6.0,2.0,0.071,0.46,0.5
0.66,42.0,7.0,5.8,0.083,0.615,1.0
0.5,21.0,7.0,3.4,0.107,0.42,0.5
0.66,42.0,7.0,5.8,0.083,0.615,1.0
0.61,24.0,11.0,2.6,0.076,0.575,0.5
0.52,75.0,15.0,2.8,0.159,0.34,0.5
0.53,18.0,6.0,2.4,0.07400000000000001,0.27,1.0
0.02,63.0,35.0,2.3,0.063,0.765,0.5
0.4,25.0,11.0,1.6,0.056,0.24,0.5
0.48,46.0,26.0,1.8,0.067,0.28,0.5
0.22,72.0,12.0,2.2,0.106,0.55,0.5
0.63,47.0,6.0,3.8,0.08900000000000001,0.41,0.5
0.71,15.0,6.0,4.4,0.124,0.54,1.0
0.5,47.0,19.0,3.0,0.078,0.45,0.5
0.53,18.0,6.0,2.4,0.07400000000000001,0.27,1.0
0.66,24.0,6.0,6.2,0.08800000000000001,0.625,0.5
0.38,60.0,24.0,2.5,0.094,0.42,0.5
0.42,27.0,11.0,2.0,0.08,0.26,0.5
0.68,43.0,17.0,2.9,0.085,0.415,0.5
0.42,27.0,11.0,2.0,0.08,0.26,0.5
0.42,27.0,11.0,2.0,0.08,0.26,0.5
0.28,54.0,23.0,2.1,0.087,0.51,0.5
0.07,37.0,11.0,2.4,0.09,0.63,0.5
0.26,48.0,23.0,2.0,0.08800000000000001,0.54,0.5
0.15,42.0,17.0,1.9,0.079,0.66,0.5
0.26,53.0,23.0,1.9,0.08800000000000001,0.46,0.5
0.31,49.0,16.0,2.5,0.096,0.38,1.0
0.05,88.0,12.0,1.4,0.045,0.85,1.0
0.68,43.0,17.0,2.9,0.085,0.415,0.5
0.52,26.0,6.0,2.0,0.08199999999999999,0.37,0.5
0.61,95.0,13.0,2.0,0.112,0.665,0.5
0.65,25.0,6.0,2.3,0.063,0.6,0.5
0.76,38.0,7.0,4.2,0.066,0.37,1.0
0.02,124.0,68.0,7.9,0.122,0.735,0.5
0.59,49.0,13.0,2.6,0.087,0.59,0.5
0.59,49.0,13.0,2.6,0.087,0.59,0.5
0.22,42.0,9.0,2.3,0.064,0.765,0.5
0.02,124.0,68.0,7.9,0.122,0.735,0.5
0.3,38.0,20.0,1.7,0.059,0.26,0.5
0.54,64.0,19.0,2.6,0.085,0.48,0.5
0.49,41.0,10.0,2.7,0.085,0.6,0.5
0.05,27.0,15.0,2.7,0.075,0.69,0.5
0.46,25.0,11.0,1.4,0.059,0.31,0.5
0.47,28.0,9.0,2.5,0.063,0.44,0.5
0.66,30.0,12.0,3.0,0.093,0.39,1.0
0.58,16.0,6.0,3.7,0.174,0.34,0.5
0.49,49.0,26.0,4.5,0.07,0.46,0.0
0.34,86.0,26.0,2.5,0.08,0.43,0.5
0.35,78.0,23.0,2.4,0.08,0.45,0.5
0.16,77.0,15.0,1.9,0.1,0.735,0.5
0.53,19.0,6.0,6.7,0.097,0.4,1.0
0.34,122.0,24.0,2.7,0.087,0.52,0.5
0.24,134.0,31.0,6.6,0.117,0.725,0.5
0.64,20.0,6.0,2.2,0.111,0.48,0.5
0.12,124.0,34.0,1.9,0.091,0.58,0.5
0.51,20.0,7.0,2.0,0.121,0.38,0.5
0.0,52.0,34.0,1.8,0.066,0.77,0.5
0.33,67.0,35.0,2.4,0.08900000000000001,0.56,1.0
0.03,48.0,32.0,2.3,0.059,0.84,1.0
0.2,60.0,15.0,2.0,0.047,0.96,0.5
0.47,24.0,6.0,2.1,0.066,0.24,1.0
0.2,60.0,15.0,2.0,0.047,0.96,0.5
0.03,48.0,32.0,2.3,0.059,0.84,1.0
0.08,48.0,19.0,2.1,0.045,0.67,0.5
0.22,32.0,6.0,1.9,0.077,0.78,0.5
0.33,30.0,9.0,1.3,0.07,0.52,0.5
0.63,35.0,13.0,2.4,0.08800000000000001,0.84,0.5
0.47,24.0,6.0,2.1,0.066,0.24,1.0
0.35,66.0,21.0,2.2,0.07400000000000001,0.55,0.5
0.69,24.0,12.0,2.3,0.078,0.37,0.5
0.63,18.0,6.0,2.3,0.091,0.39,0.5
0.55,54.0,22.0,3.2,0.076,0.41,0.5
0.63,18.0,6.0,2.3,0.091,0.39,0.5
0.3,62.0,38.0,2.0,0.06,0.67,0.5
0.73,22.0,6.0,3.2,0.066,0.45,0.5
0.55,54.0,22.0,3.2,0.076,0.41,0.5
0.18,50.0,7.0,1.5,0.062,0.62,0.5
0.72,29.0,6.0,2.2,0.07200000000000001,0.31,1.0
0.65,27.0,7.0,2.15,0.068,0.4,0.5
0.76,43.0,6.0,3.7,0.1,0.685,1.0
0.49,19.0,11.0,2.7,0.077,0.44,1.0
0.01,27.0,5.0,1.7,0.054000000000000006,0.57,1.0
0.1,31.0,6.0,2.1,0.079,0.735,0.5
0.6,72.0,31.0,2.6,0.081,0.38,0.5
0.29,16.0,6.0,2.1,0.127,0.48,0.5
0.22,27.0,7.0,2.0,0.1,0.53,0.5
0.69,35.0,17.0,2.8,0.095,0.39,0.5
0.69,35.0,17.0,2.8,0.095,0.39,0.5
0.53,26.0,9.0,1.8,0.413,0.37,0.5
0.03,35.0,18.0,1.7,0.084,0.56,0.5
0.63,22.0,5.0,2.8,0.084,0.33,1.0
0.4,67.0,21.0,1.6,0.063,0.23,0.5
0.67,19.0,6.0,5.2,0.086,0.62,1.0
0.39,22.0,5.0,2.3,0.095,0.59,0.5
0.21,65.0,29.0,2.7,0.097,0.63,0.5
0.63,22.0,5.0,2.8,0.084,0.33,1.0
0.66,47.0,10.0,2.2,0.07400000000000001,0.58,0.0
0.52,23.0,14.0,2.3,0.083,0.43,0.5
0.22,19.0,6.0,2.6,0.087,0.615,0.5
0.68,25.0,10.0,2.55,0.085,0.26,0.5
0.7,129.0,25.0,2.2,0.098,0.66,0.5
0.54,15.0,5.0,2.1,0.084,0.315,0.5
0.4,26.0,10.0,2.9,0.098,0.29,0.5
0.42,51.0,21.0,2.0,0.069,0.5,0.5
0.45,18.0,7.0,2.6,0.065,0.46,0.5
0.69,21.0,6.0,2.1,0.09,0.36,0.5
0.02,48.0,36.0,1.2,0.07,0.82,0.5
0.65,47.0,15.0,2.6,0.093,0.32,0.5
0.42,52.0,25.0,2.4,0.081,0.54,0.5
0.55,68.0,25.0,2.6,0.083,0.37,0.5
0.55,14.0,5.0,2.1,0.062,0.35,0.5
0.51,24.0,10.0,1.7,0.08,0.28,0.5
0.24,28.0,5.0,2.2,0.087,0.68,0.5
0.41,16.0,6.0,2.0,0.091,0.27,0.5
0.49,20.0,6.0,1.8,0.075,0.24,0.5
0.24,28.0,5.0,2.2,0.087,0.68,0.5
0.11,31.0,6.0,2.7,0.077,0.685,0.5
0.39,23.0,6.0,15.5,0.069,0.28,0.5
0.56,17.0,6.0,2.8,0.08,0.3,1.0
0.59,18.0,6.0,2.2,0.152,0.36,0.5
0.6,18.0,7.0,2.2,0.152,0.36,0.5
0.68,24.0,6.0,4.1,0.114,0.44,0.5
0.39,17.0,6.0,1.9,0.054000000000000006,0.67,0.5
0.39,17.0,6.0,1.9,0.054000000000000006,0.67,0.5
0.36,14.0,5.0,1.8,0.053,0.645,0.5
0.55,67.0,35.0,2.8,0.081,0.32,1.0
0.4,26.0,10.0,2.6,0.073,0.39,0.5
0.27,56.0,24.0,2.8,0.078,0.775,0.5
0.5,25.0,12.0,2.5,0.055,0.41,1.0
0.51,27.0,13.0,2.6,0.052000000000000005,0.4,1.0
0.31,81.0,23.0,3.0,0.086,0.69,0.5
0.23,91.0,28.0,8.3,0.051,0.39,0.5
0.53,16.0,5.0,2.6,0.07,0.35,1.0
0.25,38.0,14.0,1.9,0.081,0.52,0.5
0.32,113.0,43.0,2.5,0.09,0.34,0.5
0.53,16.0,5.0,2.6,0.07,0.35,1.0
0.31,81.0,23.0,3.0,0.086,0.69,0.5
0.25,38.0,14.0,1.9,0.081,0.52,0.5
0.73,76.0,38.0,6.55,0.07400000000000001,0.44,1.0
0.73,76.0,38.0,6.55,0.07400000000000001,0.44,1.0
0.47,24.0,6.0,1.9,0.078,0.26,1.0
0.42,22.0,6.0,1.8,0.077,0.24,1.0
0.63,26.0,10.0,2.9,0.07200000000000001,0.49,1.0
0.46,21.0,6.0,1.8,0.075,0.24,1.0
0.55,13.0,6.0,2.3,0.084,0.67,0.5
0.31,62.0,26.0,2.2,0.09,0.59,0.5
0.75,43.0,23.0,2.8,0.084,0.29,1.0
0.49,43.0,19.0,4.6,0.073,0.42,0.5
0.31,62.0,26.0,2.2,0.09,0.59,0.5
0.48,49.0,15.0,2.1,0.125,0.4,0.5
0.64,15.0,6.0,2.4,0.107,0.51,1.0
0.64,15.0,6.0,2.4,0.107,0.51,1.0
0.49,151.0,34.0,6.1,0.122,0.655,0.5
0.49,14.0,5.0,4.3,0.1,0.6,0.5
0.49,16.0,5.0,2.1,0.2,0.61,0.0
0.49,32.0,11.0,2.8,0.08800000000000001,0.21,0.5
0.49,106.0,39.0,2.5,0.08800000000000001,0.365,0.5
0.49,33.0,15.0,2.7,0.08800000000000001,0.25,0.5
0.49,43.0,16.0,2.0,0.08800000000000001,0.41,0.5
0.49,133.0,47.0,2.3,0.099,0.39,0.5
0.49,142.0,38.0,2.5,0.085,0.4,0.5
0.49,116.0,23.0,2.4,0.086,0.43,0.5
0.24,53.0,29.0,2.8,0.105,0.64,0.5
0.49,106.0,39.0,2.5,0.08800000000000001,0.365,0.5
0.49,85.0,33.0,2.5,0.097,0.38,0.5
0.49,55.0,32.0,2.6,0.084,0.42,0.5
0.24,33.0,6.0,2.4,0.077,0.63,0.5
0.24,28.0,1.0,2.1,0.078,0.22,0.5
0.49,42.0,12.0,2.7,0.098,0.38,0.5
0.49,42.0,12.0,2.7,0.098,0.38,0.5
0.24,33.0,15.0,2.1,0.07200000000000001,0.27,0.5
0.24,32.0,13.0,2.7,0.102,0.48,0.5
0.24,28.0,1.0,2.1,0.078,0.22,0.5
0.24,33.0,6.0,2.4,0.077,0.63,0.5
0.24,13.0,5.0,2.1,0.084,0.825,0.5
0.49,35.0,5.0,5.8,0.066,0.35,1.0
0.74,17.0,5.0,5.15,0.1,0.5,0.5
0.24,47.0,20.0,3.3,0.101,0.59,0.5
0.49,17.0,5.0,6.3,0.064,0.46,0.5
0.24,20.0,5.0,2.1,0.07,0.715,0.5
0.24,53.0,16.0,2.5,0.085,0.66,0.5
0.74,15.0,6.0,1.8,0.075,0.31,0.5
0.49,106.0,38.0,2.6,0.094,0.47,0.5
0.24,28.0,10.0,2.0,0.078,0.55,0.5
0.49,21.0,6.0,2.5,0.067,0.31,0.5
0.49,69.0,27.0,2.6,0.079,0.35,0.5
0.49,25.0,6.0,1.9,0.171,0.53,0.5
0.01,25.0,9.0,2.1,0.07400000000000001,0.51,0.5
0.24,45.0,14.0,2.8,0.092,0.43,0.5
0.24,44.0,14.0,2.7,0.092,0.46,0.5
0.24,96.0,32.0,1.6,0.05,1.04,0.5
0.49,23.0,10.0,4.2,0.095,0.645,0.5
0.49,23.0,10.0,4.2,0.095,0.645,0.5
0.49,17.0,10.0,4.6,0.118,0.53,0.5
0.49,23.0,10.0,4.2,0.095,0.645,0.5
0.49,17.0,10.0,4.6,0.118,0.53,0.5
0.49,47.0,6.0,4.3,0.085,0.47,0.5
0.49,19.0,5.0,2.8,0.075,0.6,0.5
0.49,121.0,26.0,2.4,0.078,0.44,0.5
0.49,110.0,41.0,2.9,0.094,0.54,0.5
0.49,60.0,25.0,2.7,0.092,0.29,0.5
0.49,47.0,6.0,4.3,0.085,0.47,0.5
0.49,19.0,5.0,2.8,0.075,0.6,0.5
0.24,15.0,5.0,2.5,0.226,0.7,0.5
0.24,15.0,5.0,2.5,0.226,0.7,0.5
0.49,20.0,5.0,2.6,0.25,0.5,0.5
0.24,42.0,19.0,2.2,0.095,0.36,0.5
0.49,37.0,10.0,3.3,0.07,0.35,0.5
0.24,42.0,19.0,2.2,0.095,0.36,0.5
0.49,28.0,10.0,2.4,0.075,0.24,0.5
0.49,47.0,14.0,2.1,0.07,0.59,0.0
0.49,78.0,20.0,3.2,0.078,0.34,0.5
0.49,46.0,28.0,3.1,0.079,0.27,0.5
0.24,14.0,6.0,2.3,0.103,0.5,0.0
0.49,111.0,18.0,2.8,0.083,0.44,0.5
0.49,110.0,17.0,2.9,0.085,0.47,0.5
0.49,40.0,18.0,2.2,0.063,0.31,0.5
0.49,14.0,5.0,2.2,0.08900000000000001,0.5,0.5
0.49,14.0,5.0,2.2,0.08900000000000001,0.5,0.5
0.49,15.0,5.0,2.2,0.083,0.49,0.5
0.49,21.0,10.0,1.9,0.07400000000000001,0.28,1.0
0.49,80.0,54.0,3.4,0.093,0.33,1.0
0.24,38.0,8.0,2.4,0.091,0.51,0.5
0.49,47.0,16.0,2.7,0.094,0.31,1.0
0.24,102.0,18.0,1.9,0.108,0.73,0.5
0.24,50.0,19.0,2.0,0.06,0.42,1.0
0.49,13.0,5.0,2.6,0.059,0.29,1.0
0.49,75.0,21.0,2.6,0.084,0.45,0.5
0.49,149.0,23.0,1.7,0.07,0.39,0.5
0.49,75.0,21.0,2.6,0.084,0.45,0.5
0.58,43.0,9.0,3.5,0.094,0.49,0.5
0.17,38.0,20.0,2.6,0.096,0.72,0.5
0.41,109.0,30.0,7.9,0.086,0.595,0.5
0.51,24.0,6.0,2.0,0.059,0.4,0.5
0.58,18.0,5.0,1.9,0.071,0.58,0.5
0.18,30.0,5.0,2.1,0.078,0.585,0.5
0.45,22.0,11.0,2.3,0.08199999999999999,0.59,0.5
0.27,23.0,7.0,2.1,0.08800000000000001,0.915,0.0
0.52,35.0,12.0,2.2,0.071,0.46,0.5
0.0,14.0,6.0,2.6,0.081,0.835,0.5
0.52,35.0,12.0,2.2,0.071,0.46,0.5
0.13,63.0,14.0,2.9,0.096,0.58,0.5
0.13,24.0,6.0,2.6,0.085,0.6,0.5
0.48,20.0,10.0,4.6,0.07200000000000001,0.41,1.0
0.41,52.0,26.0,3.3,0.092,0.48,0.5
0.37,65.0,11.0,5.1,0.11,0.65,0.5
0.19,39.0,15.0,3.2,0.075,0.36,0.5
0.54,57.0,25.0,2.5,0.083,0.24,0.5
0.55,16.0,5.0,2.7,0.081,0.38,0.5
0.0,29.0,18.0,2.4,0.077,0.64,0.5
0.38,29.0,10.0,1.5,0.058,0.39,0.5
0.18,103.0,10.0,2.2,0.14800000000000002,0.755,0.5
0.5,71.0,28.0,2.3,0.079,0.6,0.5
0.5,71.0,28.0,2.3,0.079,0.6,0.5
0.51,28.0,14.0,2.2,0.079,0.31,0.5
0.5,17.0,4.0,2.7,0.122,0.46,0.5
0.41,16.0,6.0,2.3,0.08800000000000001,0.37,0.5
0.24,112.0,16.0,3.4,0.076,0.54,0.5
0.23,104.0,14.0,3.4,0.078,0.56,0.5
0.22,32.0,9.0,1.9,0.08,0.58,0.5
0.25,45.0,21.0,2.9,0.077,0.51,0.5
0.0,58.0,21.0,5.6,0.124,0.69,0.5
0.0,58.0,21.0,5.6,0.124,0.69,0.5
0.29,15.0,5.0,2.2,0.098,0.6,0.5
0.29,15.0,5.0,2.2,0.098,0.6,0.5
0.26,31.0,7.0,2.5,0.097,0.54,0.5
0.23,84.0,20.0,2.3,0.111,0.685,0.5
0.26,31.0,7.0,2.5,0.097,0.54,0.5
0.54,19.0,5.0,2.7,0.105,0.28,0.5
0.14,43.0,21.0,3.0,0.087,0.41,0.5
0.22,86.0,11.0,3.4,0.105,0.935,0.0
0.21,102.0,46.0,1.9,0.073,0.35,0.5
0.0,33.0,24.0,1.4,0.065,0.84,0.5
0.28,147.0,30.0,2.4,0.086,0.88,0.5
0.27,145.0,31.0,2.3,0.084,0.885,0.5
0.12,23.0,7.0,2.2,0.14300000000000002,0.915,1.0
0.35,57.0,25.0,1.9,0.067,0.29,0.5
0.45,40.0,16.0,2.3,0.071,0.54,0.5
0.44,68.0,21.0,2.3,0.071,0.59,0.5
0.45,40.0,16.0,2.3,0.071,0.54,0.5
0.44,68.0,21.0,2.3,0.071,0.59,0.5
0.45,40.0,16.0,2.3,0.071,0.54,0.5
0.1,11.0,5.0,6.0,0.115,0.64,1.0
0.05,20.0,6.0,3.6,0.107,0.67,0.5
0.01,14.0,5.0,2.2,0.07,0.845,0.0
0.3,28.0,10.0,2.8,0.066,0.48,1.0
0.27,148.0,24.0,8.6,0.068,0.42,0.5
0.39,32.0,8.0,2.2,0.106,0.43,0.5
0.25,155.0,35.0,2.5,0.104,0.88,0.5
0.65,71.0,22.0,7.5,0.096,0.36,0.5
0.59,30.0,9.0,2.8,0.079,0.33,0.5
0.47,29.0,7.0,2.4,0.07400000000000001,0.47,0.5
0.17,53.0,20.0,2.9,0.087,0.55,0.5
0.39,32.0,8.0,2.2,0.106,0.43,0.5
0.59,42.0,23.0,1.4,0.073,0.5,1.0
0.07,20.0,5.0,1.4,0.07400000000000001,0.52,0.5
0.02,13.0,5.0,4.4,0.096,0.84,0.0
0.07,20.0,5.0,1.4,0.07400000000000001,0.52,0.5
0.31,42.0,15.0,1.6,0.08,0.42,0.5
0.06,27.0,9.0,1.6,0.076,0.57,0.5
0.46,13.0,5.0,1.8,0.05,0.28,0.5
0.52,54.0,15.0,2.0,0.092,0.4,0.5
0.14,48.0,25.0,2.0,0.084,0.59,0.5
0.36,16.0,6.0,1.8,0.222,0.49,0.5
0.45,15.0,6.0,2.0,0.08199999999999999,0.34,0.5
0.43,31.0,15.0,2.3,0.059,0.73,0.5
0.45,15.0,6.0,2.0,0.08199999999999999,0.34,0.5
0.24,45.0,30.0,2.5,0.083,0.4,0.5
0.21,13.0,5.0,1.7,0.07400000000000001,0.73,0.5
0.34,151.0,32.0,2.0,0.079,1.24,0.5
0.21,13.0,5.0,1.7,0.07400000000000001,0.73,0.5
0.41,17.0,7.0,2.2,0.084,0.4,0.5
0.39,31.0,12.0,2.2,0.064,0.41,0.5
0.41,17.0,7.0,2.2,0.084,0.4,0.5
0.11,31.0,12.0,2.3,0.084,0.8,0.5
0.1,87.0,45.0,2.6,0.081,0.78,0.5
0.45,49.0,20.0,3.3,0.06,0.26,0.5
0.58,40.0,15.0,1.9,0.07,0.43,0.5
0.23,29.0,16.0,2.2,0.094,0.45,0.5
0.31,58.0,32.0,2.25,0.078,0.46,0.5
0.23,15.0,5.0,2.6,0.059,0.78,0.5
0.32,152.0,35.0,2.3,0.078,0.98,0.5
0.23,15.0,5.0,2.6,0.059,0.78,0.5
0.18,40.0,13.0,1.8,0.07,0.65,0.5
0.23,38.0,13.0,3.1,0.095,0.64,0.5
0.04,9.0,4.0,1.6,0.039,0.66,0.5
0.48,17.0,5.0,1.8,0.157,0.38,0.5
0.0,14.0,5.0,4.25,0.097,1.185,0.0
0.24,93.0,12.0,2.6,0.087,0.92,0.5
0.51,62.0,16.0,2.0,0.422,0.49,0.5
0.32,122.0,21.0,2.8,0.084,0.48,0.5
0.31,125.0,24.0,2.7,0.084,0.47,0.5
0.02,44.0,18.0,1.3,0.034,0.47,0.5
0.02,25.0,8.0,2.1,0.066,0.65,0.5
0.02,25.0,8.0,2.1,0.066,0.65,0.5
0.28,72.0,18.0,3.2,0.087,0.615,0.5
0.55,19.0,5.0,2.1,0.071,0.38,0.5
0.43,88.0,26.0,2.9,0.076,1.02,0.5
0.02,25.0,8.0,2.1,0.066,0.65,0.5
0.02,23.0,9.0,2.1,0.067,0.64,0.5
0.48,84.0,22.0,2.6,0.073,0.38,0.0
0.04,14.0,4.0,1.6,0.078,0.765,0.0
0.15,54.0,11.0,6.0,0.073,1.035,0.5
0.08,19.0,10.0,2.0,0.093,0.78,0.5
0.19,37.0,16.0,3.0,0.077,0.49,0.5
0.12,35.0,11.0,2.5,0.068,0.545,0.5
0.47,33.0,13.0,1.6,0.062,0.31,0.5
0.43,84.0,21.0,2.8,0.08,1.025,0.5
0.34,112.0,16.0,3.0,0.093,0.565,0.5
0.0,33.0,13.0,3.2,0.084,0.69,0.5
0.36,48.0,10.0,2.3,0.075,0.43,0.5
0.28,77.0,21.0,2.6,0.078,0.74,0.5
0.18,34.0,13.0,2.7,0.069,0.49,0.5
0.36,48.0,10.0,2.3,0.075,0.43,0.5
0.11,49.0,12.0,2.6,0.079,0.46,0.5
0.04,22.0,10.0,2.0,0.08199999999999999,0.56,0.5
0.0,45.0,17.0,3.9,0.086,0.66,0.5
0.04,22.0,10.0,2.0,0.08199999999999999,0.56,0.5
0.24,106.0,35.0,2.85,0.094,0.48,0.5
0.08,48.0,15.0,2.7,0.084,0.42,0.5
0.3,127.0,36.0,2.2,0.053,0.31,0.5
0.1,12.0,5.0,3.1,0.086,1.115,0.0
0.17,13.0,5.0,3.0,0.077,0.66,0.5
0.09,49.0,18.0,2.8,0.084,0.72,0.5
0.02,11.0,4.0,1.8,0.067,0.57,0.5
0.02,11.0,4.0,1.8,0.067,0.57,0.5
0.03,58.0,27.0,3.2,0.071,0.865,0.5
0.66,37.0,12.0,2.3,0.387,0.55,0.5
0.13,14.0,4.0,3.45,0.08800000000000001,0.875,0.5
0.03,19.0,10.0,2.1,0.092,0.835,0.5
0.34,72.0,16.0,2.7,0.08199999999999999,0.45,0.5
0.2,39.0,9.0,2.0,0.075,0.56,0.5
0.1,22.0,11.0,2.1,0.112,0.965,0.5
0.1,22.0,11.0,2.1,0.112,0.965,0.5
0.0,58.0,19.0,2.5,0.093,0.59,0.5
0.23,104.0,28.0,2.8,0.092,0.46,0.5
0.0,38.0,19.0,2.4,0.08800000000000001,0.69,0.5
0.29,16.0,12.0,4.2,0.075,0.76,0.5
0.24,139.0,28.0,2.6,0.078,0.53,0.5
0.0,18.0,9.0,1.9,0.065,0.615,0.5
0.58,101.0,25.0,2.8,0.096,0.41,0.5
0.54,101.0,21.0,2.7,0.095,0.39,0.5
0.18,28.0,12.0,2.1,0.07,0.51,0.5
0.38,57.0,12.0,2.5,0.08,0.34,0.5
0.4,68.0,16.0,2.6,0.083,0.33,0.5
0.18,31.0,12.0,2.1,0.071,0.5,0.5
0.18,28.0,12.0,2.1,0.07,0.51,0.5
0.1,40.0,17.0,2.9,0.08900000000000001,0.65,0.5
0.1,40.0,17.0,2.9,0.08900000000000001,0.65,0.5
0.13,66.0,24.0,2.5,0.097,0.54,0.5
0.1,40.0,17.0,2.9,0.08900000000000001,0.65,0.5
0.68,32.0,14.0,1.7,0.415,0.48,0.5
0.07,47.0,22.0,1.9,0.058,0.91,0.5
0.01,33.0,15.0,2.0,0.057,0.98,0.5
0.0,31.0,10.0,2.2,0.084,0.87,0.5
0.0,31.0,10.0,2.2,0.084,0.87,0.5
0.21,88.0,33.0,2.5,0.092,0.42,0.5
0.25,104.0,9.0,2.8,0.075,0.58,0.5
0.26,35.0,5.0,2.0,0.096,0.655,0.5
0.0,19.0,8.0,1.7,0.069,0.7,0.5
0.26,35.0,5.0,2.0,0.096,0.655,0.5
0.11,44.0,11.0,2.8,0.093,0.68,0.5
0.1,48.0,12.0,3.0,0.091,0.67,0.5
0.18,74.0,12.0,2.9,0.08900000000000001,0.59,0.5
0.32,98.0,13.0,2.7,0.103,0.6,0.5
0.02,94.0,24.0,2.3,0.08199999999999999,0.59,0.5
0.01,32.0,7.0,1.9,0.076,0.72,0.5
0.02,94.0,24.0,2.3,0.08199999999999999,0.59,0.5
0.26,143.0,23.0,2.4,0.08199999999999999,0.685,0.5
0.27,144.0,23.0,2.3,0.08199999999999999,0.57,0.5
0.29,44.0,1.0,1.8,0.157,0.4,0.5
0.3,45.0,2.0,1.8,0.157,0.4,0.5
0.0,16.0,7.0,3.0,0.102,1.0,0.5
0.18,48.0,5.5,2.4,0.243,0.765,0.5
0.17,18.0,6.0,2.4,0.241,0.635,0.5
0.3,34.0,7.0,3.4,0.079,0.43,0.5
0.03,92.0,21.0,2.6,0.076,0.52,0.5
0.0,45.0,12.0,2.0,0.19,0.57,0.5
0.14,37.0,9.0,2.4,0.114,0.46,0.5
0.05,96.0,26.0,2.4,0.081,0.82,0.5
0.14,37.0,9.0,2.4,0.114,0.46,0.5
0.01,85.0,20.0,2.5,0.077,0.59,0.5
0.41,61.0,11.0,2.3,0.083,0.35,0.5
0.41,61.0,11.0,2.3,0.083,0.35,0.5
0.24,58.0,19.0,2.2,0.079,0.56,0.5
0.24,58.0,19.0,2.2,0.079,0.56,0.5
0.17,119.0,21.0,2.9,0.099,0.63,0.5
0.43,82.0,18.0,2.6,0.08199999999999999,0.37,0.5
0.17,130.0,25.0,2.9,0.084,0.64,0.5
0.02,87.0,17.0,2.5,0.081,0.61,0.5
0.0,13.0,7.0,2.6,0.055,0.6,0.5
0.54,26.0,7.0,2.3,0.065,0.27,0.5
0.3,60.0,7.0,2.6,0.132,0.89,0.5
0.31,64.0,24.0,2.5,0.126,0.46,0.5
0.44,42.0,21.0,1.6,0.038,0.37,1.0
0.34,14.0,5.0,3.6,0.08199999999999999,0.5,0.5
0.34,14.0,5.0,3.6,0.08199999999999999,0.5,0.5
0.08,108.0,26.0,4.0,0.08199999999999999,0.61,0.5
0.09,17.0,8.0,3.3,0.068,0.55,0.5
0.0,86.0,14.0,1.7,0.044,0.585,1.0
0.08,46.0,14.0,2.5,0.114,0.56,0.5
0.22,18.0,4.0,2.7,0.084,0.52,0.5
0.4,10.0,4.0,2.4,0.052000000000000005,0.28,1.0
0.39,10.0,4.0,2.0,0.041,0.25,1.0
0.4,10.0,4.0,2.4,0.052000000000000005,0.28,1.0
0.12,12.0,4.0,1.9,0.165,0.53,0.5
0.31,15.0,4.0,2.8,0.07,0.48,0.5
0.1,14.0,4.0,2.6,0.068,0.49,0.5
0.55,24.0,7.0,2.8,0.07200000000000001,0.5,0.5
0.33,38.0,20.0,2.5,0.099,0.45,0.5
0.24,7.0,4.0,2.1,0.102,0.39,0.0
0.54,41.0,19.0,2.8,0.103,0.41,0.5
0.33,38.0,20.0,2.5,0.099,0.45,0.5
0.19,30.0,8.0,3.2,0.081,0.51,0.5
0.42,27.0,19.0,1.6,0.084,0.29,0.5
0.0,47.0,21.0,2.35,0.071,0.715,0.5
0.15,59.0,9.0,3.2,0.097,0.66,0.5
0.0,22.0,9.0,1.9,0.099,0.685,0.5
0.0,42.0,16.0,2.1,0.048,0.42,1.0
0.13,36.0,15.0,2.0,0.076,0.54,0.5
0.13,36.0,15.0,2.0,0.076,0.54,0.5
0.28,16.0,6.0,2.8,0.068,0.48,0.5
0.14,37.0,15.0,2.8,0.076,0.46,0.5
0.34,8.0,4.0,2.3,0.05,0.27,1.0
0.14,37.0,15.0,2.8,0.076,0.46,0.5
0.09,45.0,34.0,2.3,0.065,0.57,1.0
0.08,24.0,16.0,2.1,0.071,0.61,0.5
0.07,9.0,5.0,2.5,0.058,0.685,0.0
0.08,24.0,16.0,2.1,0.071,0.61,0.5
0.42,48.0,34.0,1.5,0.145,0.44,0.0
0.44,51.0,36.0,1.6,0.147,0.47,0.0
0.26,23.0,16.0,1.6,0.08800000000000001,0.685,0.5
0.1,55.0,27.0,1.5,0.066,0.665,0.5
0.28,100.0,36.0,2.4,0.012,0.28,1.0
0.28,100.0,36.0,2.4,0.012,0.28,1.0
0.35,28.0,9.0,1.6,0.075,0.31,1.0
0.04,26.0,13.0,2.2,0.092,0.5,0.5
0.47,34.0,9.0,2.65,0.085,0.42,1.0
0.0,31.0,21.0,3.0,0.115,0.66,0.5
0.45,68.0,34.0,2.6,0.119,0.5,0.5
0.35,92.0,9.0,2.0,0.08800000000000001,0.685,0.5
0.46,42.0,26.0,1.7,0.062,0.25,0.5
0.21,31.0,14.0,1.8,0.081,0.64,0.5
0.21,31.0,14.0,1.8,0.081,0.64,0.5
0.16,39.0,12.0,1.8,0.078,0.68,0.5
0.21,31.0,14.0,1.8,0.081,0.64,0.5
0.21,32.0,12.0,1.6,0.08,0.63,0.5
0.44,22.0,9.0,1.9,0.085,0.43,0.5
0.44,22.0,9.0,1.9,0.085,0.43,0.5
0.32,122.0,26.0,2.5,0.08,0.42,0.5
0.39,55.0,41.0,1.5,0.08,0.36,0.5
0.39,55.0,41.0,1.5,0.08,0.36,0.5
0.02,14.0,10.0,2.5,0.071,0.735,1.0
0.39,55.0,41.0,1.5,0.08,0.36,0.5
0.34,47.0,16.0,2.5,0.073,0.26,1.0
0.47,32.0,17.0,1.7,0.054000000000000006,0.28,1.0
0.22,24.0,15.0,1.8,0.07400000000000001,0.56,0.5
0.06,85.0,15.0,2.7,0.077,0.62,0.5
0.66,88.0,15.0,2.0,0.039,1.01,0.5
0.32,25.0,7.0,2.7,0.067,0.42,0.5
0.06,84.0,17.0,2.5,0.078,0.62,0.5
0.06,85.0,15.0,2.7,0.077,0.62,0.5
0.07,86.0,16.0,2.6,0.077,0.635,0.5
0.22,24.0,13.0,2.3,0.071,0.49,0.5
0.23,22.0,13.0,2.0,0.07200000000000001,0.51,0.5
0.22,24.0,15.0,1.8,0.07400000000000001,0.56,0.5
0.03,43.0,27.0,2.0,0.08,0.63,0.5
0.01,43.0,31.0,2.1,0.064,0.715,0.5
0.03,46.0,36.0,1.5,0.086,0.56,0.5
0.24,48.0,28.0,2.0,0.067,0.35,0.0
0.37,10.0,6.0,1.6,0.067,0.21,1.0
0.46,10.0,6.0,2.1,0.104,0.38,1.0
0.4,16.0,7.0,2.8,0.109,0.31,1.0
0.0,14.0,7.0,2.2,0.067,0.47,0.0
0.01,43.0,31.0,2.1,0.064,0.715,0.5
0.19,69.0,30.0,4.0,0.094,0.61,0.5
0.04,88.0,18.0,2.5,0.076,0.6,0.5
0.18,21.0,10.0,1.6,0.078,0.56,0.5
0.0,35.0,30.0,2.1,0.068,0.715,0.5
0.29,26.0,14.0,3.1,0.194,0.31,0.5
0.04,88.0,18.0,2.5,0.076,0.6,0.5
0.19,69.0,30.0,4.0,0.094,0.61,0.5
0.14,30.0,9.0,2.5,0.086,0.75,0.5
0.12,28.0,8.0,2.4,0.083,0.8,0.5
0.38,56.0,29.0,2.6,0.066,0.52,1.0
0.0,64.0,32.0,2.5,0.07200000000000001,0.57,0.5
0.34,99.0,23.0,6.6,0.112,0.9,0.5
0.24,52.0,30.0,2.0,0.071,0.34,0.5
0.03,86.0,16.0,2.3,0.078,0.66,0.5
0.23,18.0,10.0,1.9,0.08199999999999999,0.45,0.5
0.03,86.0,16.0,2.3,0.078,0.66,0.5
0.03,88.0,17.0,2.2,0.08,0.63,0.5
0.01,43.0,27.0,2.3,0.08,0.59,0.5
0.39,43.0,17.0,2.4,0.078,0.31,1.0
0.01,43.0,27.0,2.3,0.08,0.59,0.5
0.39,43.0,17.0,2.4,0.078,0.31,1.0
0.02,11.0,6.0,3.4,0.084,1.02,0.0
0.36,39.0,10.0,2.6,0.056,0.31,0.5
0.1,33.0,16.0,2.4,0.08,0.635,1.0
0.1,33.0,16.0,2.4,0.08,0.635,1.0
0.06,18.0,11.0,6.0,0.06,0.59,1.0
0.06,18.0,11.0,6.0,0.06,0.59,1.0
0.2,115.0,15.0,3.0,0.081,0.58,0.5
0.27,78.0,12.0,2.6,0.084,0.54,0.5
0.0,9.0,6.0,2.2,0.079,0.56,0.5
0.13,61.0,34.0,2.4,0.078,0.52,0.5
0.39,11.0,7.0,1.2,0.059,0.305,0.5
0.48,11.0,3.0,3.8,0.132,0.38,0.5
0.46,9.0,3.0,9.0,0.114,0.28,0.5
0.44,8.0,4.0,2.9,0.065,0.46,0.5
0.46,10.0,3.0,4.6,0.094,0.395,1.0
0.39,11.0,7.0,1.2,0.059,0.305,0.5
0.4,6.0,3.0,2.2,0.079,0.315,0.5
0.19,62.0,7.0,1.5,0.161,0.715,0.5
0.31,45.0,26.0,8.8,0.084,0.41,0.5
0.32,79.0,32.0,2.2,0.081,0.36,0.5
0.12,46.0,38.0,1.8,0.07200000000000001,0.62,0.5
0.37,23.0,10.0,2.3,0.091,0.41,0.5
0.32,79.0,32.0,2.2,0.081,0.36,0.5
0.12,46.0,38.0,1.8,0.07200000000000001,0.62,0.5
0.31,45.0,26.0,8.8,0.084,0.41,0.5
0.27,28.0,14.0,2.3,0.055,0.47,0.5
0.36,77.0,53.0,1.9,0.064,0.22,1.0
0.33,73.0,52.0,2.3,0.061,0.24,0.5
0.19,75.0,11.0,2.2,0.093,0.67,0.0
0.27,28.0,14.0,2.3,0.055,0.47,0.5
0.38,19.0,10.0,3.3,0.063,0.33,1.0
0.01,25.0,8.0,1.9,0.08,0.61,0.5
0.01,38.0,13.0,2.0,0.07400000000000001,0.61,0.5
0.29,66.0,29.0,1.9,0.078,0.4,0.5
0.01,38.0,13.0,2.0,0.07400000000000001,0.61,0.5
0.01,25.0,8.0,1.9,0.08,0.61,0.5
0.38,72.0,19.0,2.3,0.06,0.3,0.5
0.38,72.0,19.0,2.3,0.06,0.3,0.5
0.5,26.0,6.0,1.4,0.071,0.63,0.0
0.38,42.0,23.0,2.8,0.068,0.38,1.0
0.17,11.0,7.0,1.6,0.073,0.46,0.5
0.52,25.0,13.0,2.2,0.07400000000000001,0.33,1.0
0.49,17.0,9.0,5.0,0.08199999999999999,0.27,1.0
0.4,52.0,13.0,2.6,0.092,0.43,1.0
0.34,45.0,10.0,2.3,0.094,0.5,1.0
0.49,24.0,11.0,3.8,0.09,0.3,1.0
0.42,20.0,7.0,2.0,0.071,0.44,1.0
0.58,24.0,11.0,4.1,0.092,0.44,1.0
0.48,12.0,6.0,2.1,0.093,0.28,1.0
0.45,21.0,10.0,1.8,0.075,0.12,1.0
0.45,21.0,10.0,1.8,0.075,0.12,1.0
0.45,21.0,10.0,1.8,0.075,0.12,1.0
0.48,12.0,6.0,2.1,0.093,0.28,1.0
0.4,10.0,6.0,2.2,0.058,0.31,1.0
0.48,9.0,5.0,2.1,0.052000000000000005,0.34,1.0
0.4,11.0,6.0,2.7,0.08199999999999999,0.43,0.5
0.52,23.0,9.0,1.9,0.09,0.21,0.5
0.52,10.0,5.0,2.1,0.111,0.36,0.5
0.52,51.0,12.0,2.0,0.08800000000000001,0.37,0.5
0.12,36.0,25.0,2.3,0.12,0.57,1.0
0.05,32.0,12.0,2.0,0.08900000000000001,0.59,0.5
0.27,38.0,18.0,1.9,0.058,0.47,0.5
0.14,18.0,7.0,1.6,0.078,0.56,0.5
0.02,16.0,6.0,2.1,0.115,0.57,0.5
0.39,27.0,20.0,2.0,0.1,0.27,0.5
0.27,38.0,18.0,1.9,0.058,0.47,0.5
0.4,48.0,24.0,2.4,0.065,0.34,0.5
0.41,10.0,6.0,2.4,0.103,0.38,1.0
0.2,113.0,23.0,2.1,0.097,0.66,0.5
0.43,46.0,29.0,2.4,0.068,0.4,0.5
0.09,22.0,7.0,2.9,0.079,0.56,0.5
0.48,10.0,6.0,1.9,0.066,0.26,0.5
0.48,10.0,6.0,1.9,0.066,0.26,0.5
0.5,13.0,6.0,2.4,0.104,0.38,1.0
0.44,12.0,6.0,1.7,0.079,0.34,0.5
0.41,13.0,7.0,5.9,0.073,0.33,1.0
0.3,72.0,35.0,2.1,0.083,0.41,0.5
0.3,72.0,35.0,2.1,0.083,0.41,0.5
0.29,119.0,31.0,2.6,0.109,0.59,0.5
0.32,29.0,9.0,3.6,0.061,0.4,1.0
0.49,6.0,3.0,1.4,0.075,0.45,0.5
0.3,17.0,8.0,1.9,0.065,0.5,0.5
0.26,28.0,13.0,1.9,0.079,0.86,0.5
0.32,70.0,51.0,2.1,0.07,0.52,0.5
0.3,17.0,8.0,1.9,0.065,0.5,0.5
0.49,6.0,3.0,1.4,0.075,0.45,0.5
0.0,11.0,7.0,2.0,0.064,0.58,0.5
0.39,7.0,3.0,1.4,0.066,0.34,1.0
0.3,70.0,35.0,1.6,0.08,0.36,0.5
0.12,27.0,19.0,1.7,0.097,0.39,0.5
0.4,21.0,14.0,1.5,0.073,0.295,0.5
0.12,27.0,19.0,1.7,0.097,0.39,0.5
0.28,68.0,31.0,2.0,0.08199999999999999,0.34,0.5
0.1,47.0,30.0,2.0,0.076,0.4,0.5
0.28,68.0,31.0,2.0,0.08199999999999999,0.34,0.5
0.45,88.0,20.0,2.5,0.092,0.35,0.5
0.06,41.0,19.0,2.0,0.079,0.6,0.5
0.0,11.0,3.0,2.2,0.087,0.66,1.0
0.0,11.0,3.0,2.2,0.087,0.66,1.0
0.34,10.0,4.0,1.4,0.05,0.84,0.5
0.0,12.0,7.0,1.65,0.055,0.69,0.5
0.3,12.0,6.0,2.2,0.062,0.43,1.0
0.38,47.0,31.0,1.5,0.058,0.35,1.0
0.33,27.0,13.0,2.05,0.063,0.29,1.0
0.32,8.0,4.0,1.8,0.067,0.36,1.0
0.29,45.0,27.0,1.6,0.081,0.43,0.5
0.32,8.0,4.0,1.8,0.067,0.36,1.0
0.33,27.0,13.0,2.05,0.063,0.29,1.0
0.34,25.0,12.0,2.0,0.064,0.3,1.0
0.4,24.0,12.0,3.6,0.11,0.35,1.0
0.36,55.0,26.0,2.8,0.116,0.5,0.5
0.45,12.0,7.0,1.7,0.067,0.28,1.0
0.31,19.0,12.0,2.0,0.08800000000000001,0.32,0.5
0.15,32.0,11.0,2.1,0.102,1.005,0.5
0.0,31.0,22.0,1.6,0.092,0.71,0.5
0.16,7.0,3.0,2.0,0.12,0.58,0.5
0.46,27.0,14.0,2.2,0.075,0.39,0.5
0.4,28.0,12.0,2.2,0.068,0.38,1.0
0.37,109.0,36.0,0.9,0.049,0.18,0.5
0.37,109.0,36.0,0.9,0.049,0.18,0.5
0.14,23.0,10.0,1.8,0.078,0.5,0.5
0.66,8.0,3.0,2.4,0.123,0.36,0.5
0.66,8.0,3.0,2.4,0.123,0.36,0.5
0.09,9.0,4.0,2.1,0.062,0.51,0.5
0.42,9.0,3.0,2.3,0.098,0.32,0.5
0.01,18.0,12.0,1.8,0.08800000000000001,0.58,1.0
0.0,43.0,17.0,2.8,0.095,0.83,0.5
0.32,36.0,14.0,1.9,0.066,0.31,0.5
0.0,52.0,28.0,2.2,0.065,0.795,0.5
0.21,68.0,41.0,2.5,0.075,0.34,0.5
0.01,18.0,12.0,1.8,0.08800000000000001,0.58,1.0
0.0,14.0,9.0,2.1,0.091,0.59,1.0
0.01,15.0,9.0,1.8,0.093,0.55,1.0
0.0,14.0,5.0,4.1,0.095,0.82,0.5
0.08,27.0,14.0,2.6,0.08900000000000001,0.57,0.5
0.18,48.0,15.0,2.5,0.077,0.745,0.5
0.34,17.0,5.0,2.4,0.085,0.37,1.0
0.34,35.0,26.0,2.5,0.08199999999999999,0.31,1.0
0.1,56.0,20.0,1.8,0.07400000000000001,0.91,0.5
0.41,42.0,25.0,6.2,0.078,0.41,1.0
0.21,39.0,21.0,2.2,0.08800000000000001,0.5,0.5
0.0,32.0,16.0,2.2,0.08800000000000001,0.965,0.5
0.19,26.0,13.0,1.7,0.079,0.49,0.5
0.21,39.0,21.0,2.2,0.08800000000000001,0.5,0.5
0.41,39.0,18.0,8.9,0.069,0.39,1.0
0.33,53.0,12.0,3.3,0.046,0.39,0.5
0.0,38.0,32.0,1.4,0.07,0.44,0.5
0.0,45.0,33.0,1.7,0.076,0.78,0.5
0.17,51.0,27.0,1.8,0.08199999999999999,0.43,0.5
0.36,14.0,3.0,1.7,0.081,0.49,0.5
0.36,17.0,6.0,1.8,0.084,0.5,0.5
0.17,51.0,27.0,1.8,0.08199999999999999,0.43,0.5
0.59,45.0,16.0,1.4,0.414,0.46,0.5
0.05,25.0,19.0,2.4,0.073,0.605,0.5
0.42,20.0,9.0,2.3,0.07,0.33,1.0
0.27,77.0,5.0,2.0,0.095,0.64,0.5
0.27,77.0,5.0,2.0,0.095,0.64,0.5
0.53,10.0,3.0,4.0,0.101,0.48,1.0
0.25,90.0,28.0,3.9,0.104,0.42,0.5
0.57,52.0,30.0,2.4,0.093,0.53,1.0
0.53,10.0,3.0,4.0,0.101,0.48,1.0
0.57,8.0,3.0,1.8,0.07400000000000001,0.23,0.5
0.5,16.0,7.0,1.8,0.071,0.4,1.0
0.44,15.0,6.0,1.9,0.098,0.38,0.5
0.65,17.0,6.0,2.4,0.075,0.29,0.5
0.09,10.0,5.0,2.0,0.067,0.74,0.5
0.18,20.0,6.0,2.4,0.083,0.61,0.5
0.08,26.0,13.0,2.4,0.07,0.52,1.0
0.53,10.0,3.0,2.2,0.06,0.31,1.0
0.53,10.0,3.0,2.2,0.06,0.31,1.0
0.35,52.0,28.0,2.8,0.086,0.62,0.5
0.45,37.0,19.0,1.5,0.057,0.33,1.0
0.2,92.0,30.0,8.1,0.098,0.77,0.5
0.26,75.0,33.0,1.8,0.083,0.35,0.5
0.33,37.0,16.0,2.7,0.08800000000000001,0.62,0.5
0.2,92.0,30.0,8.1,0.098,0.77,0.5
0.34,67.0,45.0,2.0,0.071,0.25,1.0
0.56,8.0,3.0,2.0,0.073,0.32,0.5
0.65,8.0,3.0,6.4,0.08,0.37,0.5
0.65,8.0,3.0,6.4,0.08,0.37,0.5
0.68,278.0,37.5,8.3,0.05,0.3,1.0
0.56,8.0,3.0,1.4,0.047,0.27,0.5
0.68,289.0,37.5,8.3,0.05,0.3,1.0
0.3,70.0,31.0,1.8,0.073,0.38,0.5
0.45,59.0,32.0,2.4,0.07200000000000001,0.42,0.5
0.3,70.0,31.0,1.8,0.073,0.38,0.5
0.08,64.0,40.0,1.8,0.07400000000000001,0.48,0.5
0.4,9.0,3.0,4.7,0.055,0.34,1.0
0.42,30.0,18.0,1.6,0.057,0.19,0.5
0.54,41.0,22.0,1.5,0.095,0.41,1.0
0.54,41.0,22.0,1.5,0.095,0.41,1.0
0.54,74.0,42.0,1.9,0.083,0.26,1.0
0.42,19.0,8.0,2.0,0.086,0.34,0.5
0.09,16.0,10.0,2.0,0.081,0.54,0.5
0.36,31.0,11.0,2.2,0.079,0.31,1.0
0.09,17.0,9.0,5.5,0.117,0.725,0.5
0.47,20.0,6.0,2.5,0.087,0.4,0.5
0.09,17.0,9.0,5.5,0.117,0.725,0.5
0.38,18.0,5.0,1.5,0.096,0.52,0.5
0.45,16.0,5.0,2.1,0.21600000000000005,0.31,1.0
0.38,18.0,5.0,1.5,0.096,0.52,0.5
0.42,36.0,23.0,2.1,0.07200000000000001,0.34,0.5
0.27,25.0,14.0,2.1,0.071,0.49,0.5
0.09,30.0,18.0,1.7,0.078,0.48,0.5
0.27,25.0,14.0,2.1,0.071,0.49,0.5
0.34,25.0,16.0,2.2,0.073,0.48,0.5
0.28,49.0,13.0,2.1,0.048,0.57,0.5
0.42,17.0,9.0,1.9,0.069,0.23,0.5
0.41,24.0,10.0,2.0,0.068,0.3,1.0
0.1,13.0,4.0,3.3,0.09,0.78,0.5
0.43,66.0,27.0,2.1,0.171,0.47,0.5
0.0,14.0,6.0,1.4,0.07,0.53,0.5
0.27,55.0,23.0,2.0,0.092,0.42,1.0
0.41,35.0,6.0,1.5,0.056,0.33,0.5
0.39,10.0,3.0,1.6,0.07400000000000001,0.24,0.5
0.5,80.0,29.0,4.3,0.046,0.4,0.5
0.07,21.0,15.0,2.5,0.091,0.69,0.5
0.07,21.0,15.0,2.5,0.091,0.69,0.5
0.07,21.0,15.0,2.5,0.091,0.69,0.5
0.12,24.0,14.0,2.1,0.065,0.39,0.5
0.0,15.0,7.0,2.5,0.066,0.66,0.5
0.34,17.0,8.0,2.5,0.076,0.54,1.0
0.0,28.0,21.0,1.8,0.062,0.5,0.5
0.0,33.0,27.0,1.4,0.055,0.47,0.5
0.37,29.0,17.0,1.9,0.081,0.4,0.5
0.0,13.0,3.0,2.2,0.096,0.58,0.0
0.35,27.0,13.0,1.7,0.055,0.24,1.0
0.26,11.0,3.0,1.7,0.063,0.29,0.5
0.0,52.0,26.0,2.9,0.07200000000000001,0.76,0.5
0.33,89.0,28.0,2.7,0.095,0.43,0.5
0.35,70.0,24.0,3.3,0.092,0.43,0.5
0.0,10.0,5.0,1.9,0.058,0.6,0.5
0.21,135.0,57.0,1.7,0.045,0.19,0.5
0.34,38.0,18.0,1.8,0.075,0.36,1.0
0.07,18.0,10.0,5.5,0.08900000000000001,0.48,1.0
0.35,15.0,6.0,1.7,0.061,0.28,1.0
0.43,50.0,22.0,1.7,0.067,0.25,0.5
0.45,13.0,6.0,2.0,0.08,0.52,0.5
0.45,13.0,6.0,2.0,0.08,0.52,0.5
0.15,94.0,29.0,3.7,0.104,0.41,0.5
0.24,86.0,16.0,2.0,0.079,0.51,0.5
0.3,79.0,33.0,1.7,0.08,0.4,0.5
0.32,71.0,24.0,2.5,0.08,0.38,0.5
0.11,12.0,6.0,2.4,0.043,0.45,0.5
0.3,20.0,16.0,1.8,0.065,0.22,0.5
0.23,70.0,35.0,2.3,0.066,0.32,0.5
0.43,51.0,31.0,2.5,0.076,0.2,0.5
0.12,21.0,6.0,1.8,0.17800000000000002,0.5,0.5
0.45,14.0,6.0,6.2,0.071,0.41,1.0
0.42,21.0,9.0,2.0,0.086,0.39,0.5
0.47,11.0,6.0,2.0,0.061,0.35,0.5
0.32,12.0,4.0,2.8,0.067,0.33,1.0
0.23,70.0,16.0,2.5,0.044,0.58,0.5
0.25,38.0,9.0,2.2,0.118,0.6,0.5
0.35,38.0,17.0,2.1,0.083,0.42,0.5
0.0,63.0,50.0,2.2,0.1,0.58,0.5
0.25,38.0,9.0,2.2,0.118,0.6,0.5
0.51,88.0,45.0,1.75,0.071,0.18,1.0
0.18,101.0,16.0,2.1,0.042,0.51,1.0
0.43,54.0,22.0,2.8,0.076,0.41,0.5
0.43,37.0,11.0,2.2,0.11,0.41,0.5
0.57,20.0,6.0,2.3,0.087,0.36,1.0
0.43,21.0,12.0,1.4,0.076,0.45,0.5
0.42,19.0,12.0,2.3,0.075,0.32,1.0
0.24,21.0,10.0,1.7,0.078,0.785,0.5
0.24,21.0,10.0,1.7,0.078,0.785,0.5
0.5,38.0,15.0,1.9,0.369,0.44,0.5
0.26,60.0,7.0,2.0,0.111,0.54,0.5
0.39,48.0,29.0,2.5,0.07400000000000001,0.33,1.0
0.27,44.0,8.0,2.8,0.067,0.34,0.5
0.29,14.0,5.0,2.3,0.086,0.5,0.5
0.34,12.0,5.0,1.6,0.062,0.36,0.5
0.0,44.0,26.0,2.2,0.078,0.59,0.5
0.46,16.0,5.0,2.1,0.07400000000000001,0.42,0.5
0.31,65.0,26.0,1.7,0.079,0.36,0.5
0.31,65.0,26.0,1.7,0.079,0.36,0.5
0.0,59.0,48.0,2.2,0.095,0.61,0.5
0.03,47.0,23.0,5.6,0.079,0.88,0.0
0.0,11.0,6.0,2.4,0.052000000000000005,0.66,1.0
0.0,78.0,17.0,2.1,0.041,0.915,0.5
0.33,47.0,11.0,2.4,0.076,0.35,0.5
0.33,47.0,11.0,2.4,0.076,0.35,0.5
0.43,11.0,5.0,1.65,0.068,0.39,0.5
0.4,54.0,41.0,2.5,0.068,0.4,0.5
0.07,61.0,16.0,1.6,0.07,0.66,0.5
0.23,119.0,11.0,2.1,0.08,0.64,0.5
0.3,39.0,6.0,2.0,0.085,0.43,0.5
0.03,12.0,6.0,7.8,0.079,0.8,0.5
0.3,39.0,6.0,2.0,0.085,0.43,0.5
0.23,119.0,11.0,2.1,0.08,0.64,0.5
0.05,19.0,5.0,1.8,0.075,0.955,0.0
0.57,20.0,6.0,4.6,0.08,0.4,0.5
0.0,12.0,6.0,2.3,0.166,0.885,0.5
0.37,41.0,11.0,2.5,0.063,0.25,1.0
0.0,12.0,6.0,2.3,0.166,0.885,0.5
0.12,64.0,15.0,1.8,0.114,0.745,0.5
0.22,56.0,21.0,1.8,0.078,0.43,0.5
0.23,94.0,23.0,2.3,0.076,0.58,0.5
0.21,9.0,4.0,1.5,0.069,0.57,0.5
0.26,77.0,19.0,2.0,0.052000000000000005,0.26,0.5
0.23,94.0,23.0,2.3,0.076,0.58,0.5
0.21,9.0,4.0,1.5,0.069,0.57,0.5
0.36,10.0,5.0,1.9,0.065,0.34,1.0
0.39,12.0,6.0,1.8,0.068,0.42,1.0
0.19,76.0,33.0,5.8,0.111,0.74,0.5
0.46,44.0,24.0,2.1,0.07400000000000001,0.36,1.0
0.46,44.0,24.0,2.1,0.07400000000000001,0.36,1.0
0.46,44.0,24.0,2.1,0.07400000000000001,0.36,1.0
0.55,52.0,24.0,1.7,0.136,0.72,0.5
0.46,44.0,24.0,2.1,0.07400000000000001,0.36,1.0
0.43,24.0,14.0,2.0,0.071,0.39,1.0
0.02,15.0,8.0,2.1,0.078,0.65,0.5
0.15,53.0,22.0,2.1,0.076,0.44,0.5
0.02,15.0,8.0,2.1,0.078,0.65,0.5
0.42,13.0,5.0,1.9,0.071,0.38,0.5
0.46,9.0,6.0,1.9,0.081,0.33,0.5
0.46,29.0,20.0,2.1,0.095,0.27,0.5
0.31,79.0,10.0,2.0,0.079,0.57,0.5
0.37,74.0,43.0,1.9,0.057,0.34,0.5
0.31,24.0,8.0,1.9,0.08199999999999999,0.4,0.5
0.4,50.0,25.0,1.3,0.044,0.39,0.5
0.52,44.0,17.0,1.8,0.132,0.32,0.5
0.52,44.0,17.0,1.8,0.132,0.32,0.5
0.22,89.0,33.0,2.2,0.078,0.53,0.5
0.47,23.0,9.0,2.2,0.07400000000000001,0.36,0.5
0.49,20.0,8.0,2.5,0.08,0.39,0.5
0.23,77.0,18.0,2.6,0.091,0.46,0.5
0.03,46.0,27.0,4.1,0.08,0.58,0.5
0.25,21.0,8.0,2.0,0.104,0.58,0.5
0.0,88.0,18.0,1.8,0.044,0.42,1.0
0.29,66.0,19.0,2.1,0.075,0.43,0.5
0.34,58.0,15.0,2.7,0.066,0.18,0.5
0.01,90.0,48.0,2.6,0.07400000000000001,0.815,0.5
0.29,66.0,19.0,2.1,0.075,0.43,0.5
0.37,36.0,14.0,2.2,0.057,0.23,0.0
0.01,18.0,11.0,2.2,0.059,0.75,0.5
0.32,113.0,6.0,12.9,0.054000000000000006,0.33,0.0
0.0,17.0,7.0,1.7,0.07,0.55,0.5
0.01,18.0,11.0,2.2,0.059,0.75,0.5
0.0,24.0,12.0,2.5,0.081,0.73,0.0
0.0,20.0,11.0,4.3,0.057,0.67,0.0
0.2,60.0,36.0,1.7,0.076,0.61,0.5
0.39,65.0,28.0,2.5,0.079,0.37,0.5
0.41,40.0,15.0,2.0,0.058,0.4,0.5
0.22,86.0,10.0,2.4,0.08199999999999999,0.56,0.5
0.25,160.0,72.0,13.4,0.067,0.29,0.5
0.19,34.0,15.0,1.8,0.08199999999999999,0.55,0.5
0.07,48.0,15.0,1.7,0.086,0.74,0.5
0.19,34.0,15.0,1.8,0.08199999999999999,0.55,0.5
0.33,36.0,22.0,2.2,0.081,0.41,0.5
0.01,37.0,24.0,2.3,0.079,0.6,0.5
0.01,37.0,24.0,2.3,0.079,0.6,0.5
0.14,60.0,27.0,2.2,0.077,0.58,0.5
0.0,14.0,6.0,1.8,0.123,0.72,0.5
0.0,13.0,6.0,1.4,0.096,0.66,0.5
0.06,35.0,20.0,1.9,0.079,0.7,0.5
0.02,46.0,26.0,2.4,0.069,0.64,0.5
0.22,60.0,43.0,1.8,0.08199999999999999,0.59,0.5
0.28,69.0,12.0,4.8,0.085,0.58,0.5
0.0,33.0,15.0,2.7,0.123,0.64,0.5
0.0,33.0,15.0,2.7,0.123,0.64,0.5
0.68,56.0,19.0,1.8,0.403,0.635,0.5
0.0,24.0,17.0,2.0,0.083,1.02,0.0
0.38,66.0,34.0,2.5,0.081,0.45,0.5
0.0,26.0,13.0,2.2,0.08900000000000001,0.78,0.0
0.32,51.0,26.0,1.8,0.066,0.37,0.5
0.05,36.0,16.0,2.3,0.081,0.57,0.5
0.05,36.0,16.0,2.3,0.081,0.57,0.5
0.5,19.0,13.0,2.3,0.068,0.43,0.5
0.31,51.0,21.0,2.0,0.079,0.41,0.5
0.03,87.0,28.0,1.8,0.044,0.49,1.0
0.01,60.0,26.0,1.6,0.048,0.38,0.5
0.2,64.0,24.0,1.6,0.049,0.44,0.5
0.0,44.0,25.0,1.9,0.077,0.46,0.5
0.2,44.0,34.0,2.0,0.073,0.58,0.5
0.13,36.0,17.0,2.1,0.102,0.58,0.5
0.22,81.0,13.0,2.3,0.075,0.715,0.5
0.4,10.0,3.0,6.3,0.05,0.4,0.0
0.0,10.0,3.0,1.9,0.114,0.69,0.5
0.22,81.0,13.0,2.3,0.075,0.715,0.5
0.39,9.0,3.0,1.7,0.062,0.3,1.0
0.2,54.0,28.0,1.9,0.077,0.46,0.5
0.2,54.0,28.0,1.9,0.077,0.46,0.5
0.0,22.0,9.0,2.0,0.084,0.765,0.5
0.28,69.0,17.0,2.7,0.096,0.63,0.5
0.19,36.0,18.0,2.3,0.071,0.42,0.5
0.5,47.0,20.0,1.8,0.09,0.37,0.5
0.44,31.0,17.0,2.5,0.068,0.16,0.5
0.08,7.0,3.0,2.6,0.056,0.6,0.5
0.3,110.0,20.0,4.5,0.068,0.6,0.5
0.3,110.0,20.0,4.5,0.068,0.6,0.5
0.0,12.0,6.0,1.9,0.1,0.74,0.5
0.1,60.0,25.0,2.1,0.073,0.635,0.5
0.13,28.0,14.0,2.4,0.056,0.395,0.5
0.0,12.0,6.0,1.9,0.084,0.755,0.0
0.1,60.0,25.0,2.1,0.073,0.635,0.5
0.0,77.5,51.0,4.3,0.093,0.63,0.5
0.0,77.5,51.0,4.3,0.093,0.63,0.5
0.14,29.0,15.0,2.1,0.064,0.53,0.5
0.0,18.0,11.0,1.4,0.063,0.6,0.5
0.0,9.0,5.0,2.1,0.13699999999999998,1.58,0.0
0.0,28.0,15.0,2.15,0.08,0.645,0.5
0.07,57.0,20.0,2.0,0.1,0.86,0.5
0.32,15.0,4.0,2.1,0.064,0.37,0.5
0.44,68.0,28.0,1.8,0.081,0.28,0.5
0.21,68.0,21.0,2.3,0.087,0.79,0.5
0.26,88.0,24.0,1.9,0.073,0.61,0.5
0.32,91.0,22.0,2.5,0.08800000000000001,0.69,0.5
0.09,29.0,15.0,3.9,0.068,0.68,0.0
0.32,91.0,22.0,2.5,0.08800000000000001,0.69,0.5
0.1,63.0,27.0,1.4,0.071,0.62,0.5
0.26,88.0,24.0,1.9,0.073,0.61,0.5
0.15,27.0,12.0,3.0,0.064,0.51,0.5
0.21,41.0,14.0,1.9,0.083,1.18,0.5
0.21,65.0,20.0,2.3,0.086,0.36,0.5
0.21,69.0,24.0,2.4,0.086,0.36,0.5
0.27,91.0,17.0,2.0,0.083,0.63,0.5
0.0,46.0,16.0,1.2,0.041,0.74,0.5
0.46,41.0,10.0,2.2,0.091,0.44,0.5
0.27,91.0,17.0,2.0,0.083,0.63,0.5
0.68,64.0,18.0,1.7,0.414,0.76,0.5
0.34,88.0,12.0,2.6,0.094,0.66,0.5
0.0,46.0,16.0,1.2,0.041,0.74,0.5
0.42,18.0,9.0,1.8,0.058,0.34,0.5
0.39,55.0,21.0,1.8,0.06,0.36,1.0
0.24,34.0,18.0,1.7,0.077,0.46,0.5
0.24,34.0,18.0,1.7,0.077,0.46,0.5
0.24,34.0,18.0,1.7,0.077,0.46,0.5
0.24,34.0,18.0,1.7,0.077,0.46,0.5
0.11,38.0,13.0,1.8,0.073,0.52,0.5
0.26,91.0,17.0,2.1,0.083,0.6,0.5
0.26,91.0,17.0,2.1,0.083,0.6,0.5
0.26,67.0,31.0,3.8,0.107,0.87,0.5
0.1,25.0,6.0,1.7,0.075,0.39,0.5
0.22,48.0,12.0,2.2,0.079,0.775,0.5
0.0,11.0,4.0,2.0,0.166,0.835,0.5
0.02,40.0,19.0,2.4,0.069,0.58,0.5
0.0,26.0,15.0,1.4,0.057,0.5,0.5
0.0,26.0,15.0,1.4,0.057,0.5,0.5
0.0,26.0,15.0,1.4,0.057,0.5,0.5
0.02,31.0,13.0,1.7,0.084,0.51,0.5
0.02,31.0,13.0,1.7,0.084,0.51,0.5
0.02,31.0,13.0,1.7,0.084,0.51,0.5
0.02,31.0,17.0,1.7,0.085,0.54,0.5
0.02,31.0,13.0,1.7,0.084,0.51,0.5
0.48,20.0,8.0,2.6,0.077,0.42,0.5
0.24,28.0,10.0,2.3,0.063,0.44,0.5
0.01,13.0,5.0,2.1,0.056,0.59,0.5
0.03,12.0,7.0,1.8,0.078,0.655,0.5
0.03,12.0,7.0,1.8,0.078,0.655,0.5
0.0,41.0,21.0,2.8,0.081,0.57,0.5
0.29,73.0,32.0,2.0,0.069,0.6,0.5
0.01,46.0,8.0,2.3,0.065,0.62,0.5
0.03,57.0,14.0,1.9,0.086,0.645,0.5
0.03,57.0,14.0,1.9,0.086,0.645,0.5
0.03,28.0,7.0,2.3,0.077,0.58,0.5
0.25,32.0,5.0,1.8,0.086,0.32,0.5
0.25,28.0,4.0,1.8,0.084,0.34,0.5
0.24,67.0,27.0,2.5,0.078,0.43,0.5
0.17,98.0,52.0,5.4,0.168,0.64,0.5
0.4,28.0,6.0,1.4,0.091,0.475,0.5
0.31,38.0,11.0,2.3,0.112,0.54,0.5
0.14,54.0,13.0,2.5,0.093,0.85,0.5
0.4,28.0,6.0,1.4,0.091,0.475,0.5
0.27,63.0,11.0,2.0,0.08,0.83,0.0
0.02,31.0,10.0,1.9,0.096,0.605,0.5
0.09,42.0,10.0,2.2,0.115,0.5,0.5
0.08,45.0,10.0,1.7,0.094,0.74,0.5
0.3,105.0,9.0,2.2,0.08800000000000001,0.54,0.5
0.32,74.0,16.0,2.1,0.079,0.77,0.5
0.0,8.0,4.0,1.6,0.069,0.61,0.0
0.51,66.0,12.0,1.7,0.415,0.78,0.5
0.56,14.0,5.0,3.1,0.153,0.58,0.5
0.51,66.0,12.0,1.7,0.415,0.78,0.5
0.27,89.0,34.0,3.8,0.11,0.75,0.5
0.0,29.0,16.0,1.2,0.267,0.815,0.0
0.26,100.0,13.0,2.0,0.083,0.56,0.5
0.2,31.0,7.0,1.4,0.086,0.885,0.5
0.26,74.0,23.0,2.3,0.09,0.49,0.5
0.15,28.0,10.0,2.0,0.078,0.45,0.5
0.02,35.0,11.0,2.6,0.077,0.57,0.5
0.02,35.0,11.0,2.6,0.077,0.57,0.5
0.09,25.0,4.0,1.8,0.07400000000000001,0.83,0.5
0.22,105.0,25.0,2.1,0.08,0.6,0.5
0.22,105.0,25.0,2.1,0.08,0.6,0.5
0.15,84.0,20.0,1.8,0.107,0.755,0.5
0.25,85.0,34.0,3.4,0.076,0.81,0.5
0.07,23.0,8.0,1.8,0.1,0.64,0.5
0.07,23.0,8.0,1.8,0.1,0.64,0.5
0.31,49.0,7.0,6.1,0.083,0.64,0.5
0.02,111.0,36.0,2.2,0.08,0.48,0.5
0.0,33.0,15.0,2.3,0.068,0.49,0.5
0.22,33.0,5.0,2.4,0.094,0.64,0.5
0.06,12.0,5.0,1.3,0.07,0.62,0.5
0.25,59.0,19.0,2.0,0.078,0.52,0.5
0.14,73.0,27.0,3.9,0.07,0.57,0.5
0.1,12.0,3.0,1.6,0.092,0.685,0.5
0.1,11.0,4.0,1.6,0.09,0.675,0.5
0.26,104.0,17.0,2.0,0.08,0.59,0.5
0.12,28.0,13.0,2.2,0.083,0.6,1.0
0.0,24.0,10.0,2.2,0.068,0.67,0.5
0.21,141.0,33.0,2.1,0.08,0.69,0.5
0.21,141.0,33.0,2.1,0.08,0.69,0.5
0.42,24.0,6.0,2.0,0.052000000000000005,0.3,0.5
0.33,13.0,3.0,1.7,0.061,0.33,1.0
0.39,46.0,12.0,2.6,0.08199999999999999,0.5,0.5
0.3,34.0,18.0,2.0,0.062,0.28,1.0
0.34,22.0,8.0,5.1,0.062,0.24,0.5
0.0,54.0,40.0,2.1,0.064,0.51,0.5
0.36,53.0,35.0,2.2,0.048,0.29,1.0
0.0,54.0,40.0,2.1,0.064,0.51,0.5
0.0,16.0,5.0,1.8,0.08199999999999999,0.96,0.5
0.4,19.0,8.0,2.4,0.071,0.47,0.5
0.34,22.0,8.0,5.1,0.062,0.24,0.5
0.25,89.0,12.0,2.0,0.104,0.57,0.5
0.59,15.0,3.0,2.2,0.077,0.32,0.5
0.0,18.0,8.0,1.6,0.065,0.58,0.5
0.59,15.0,3.0,2.2,0.077,0.32,0.5
0.33,37.0,21.0,2.5,0.064,0.34,1.0
0.01,19.0,3.0,1.6,0.077,0.53,0.5
0.21,133.0,32.0,2.2,0.077,0.64,0.5
0.01,19.0,3.0,1.6,0.077,0.53,0.5
0.18,58.0,24.0,1.6,0.079,0.4,0.5
0.0,55.0,39.0,2.1,0.079,0.54,0.5
0.09,31.0,14.0,3.9,0.123,0.53,0.0
0.37,23.0,8.0,1.4,0.076,0.26,0.5
0.37,23.0,8.0,1.4,0.076,0.26,0.5
0.37,60.0,23.0,1.8,0.046,0.23,0.5
0.33,23.0,6.0,2.5,0.078,0.41,0.5
0.0,55.0,27.0,1.9,0.07200000000000001,0.64,0.5
0.4,67.0,38.0,2.2,0.049,0.18,0.5
0.24,47.0,18.0,1.8,0.066,0.41,0.5
0.31,74.0,13.0,2.1,0.069,0.43,0.5
0.0,11.0,3.0,1.6,0.042,0.44,0.5
0.16,25.0,11.0,1.8,0.069,0.4,1.0
0.37,95.0,55.0,15.4,0.214,0.54,0.5
0.37,95.0,55.0,15.4,0.214,0.54,0.5
0.38,90.0,27.0,1.6,0.16899999999999998,0.38,0.5
0.29,39.0,15.0,4.8,0.07,0.915,0.5
0.0,8.0,3.0,1.7,0.052000000000000005,0.59,0.5
0.02,92.0,31.0,2.2,0.07200000000000001,0.67,0.5
0.32,28.0,15.0,2.0,0.062,0.37,1.0
0.19,98.0,19.0,5.2,0.094,0.785,0.5
0.02,30.0,18.0,1.9,0.078,0.63,0.5
0.2,22.0,8.0,1.75,0.058,0.58,0.5
0.02,92.0,31.0,2.2,0.07200000000000001,0.67,0.5
0.19,98.0,19.0,5.2,0.094,0.785,0.5
0.02,30.0,18.0,1.9,0.078,0.63,0.5
0.0,39.0,22.0,1.9,0.08,0.67,0.5
0.01,54.0,40.0,1.9,0.08,0.58,0.5
0.31,29.0,15.0,2.0,0.056,0.38,1.0
0.32,28.0,15.0,2.0,0.062,0.37,1.0
0.44,17.0,8.0,2.7,0.104,0.32,1.0
0.02,53.0,37.0,2.0,0.062,0.58,1.0
0.33,85.0,27.0,1.9,0.07400000000000001,0.49,0.5
0.63,23.0,7.0,2.2,0.073,0.45,0.5
0.0,17.0,9.0,1.6,0.052000000000000005,0.9,0.5
0.06,89.0,38.0,1.8,0.05,0.54,0.5
0.33,85.0,27.0,1.9,0.07400000000000001,0.49,0.5
0.4,20.0,8.0,1.7,0.067,0.29,0.5
0.35,15.0,7.0,1.7,0.054000000000000006,0.2,1.0
0.09,64.0,34.0,2.3,0.054000000000000006,0.42,0.5
0.0,13.0,6.0,2.1,0.06,0.785,0.0
0.03,31.0,14.0,2.3,0.075,0.64,0.5
0.01,39.0,14.0,2.4,0.076,0.63,0.5
0.1,53.0,34.0,1.7,0.063,0.59,0.5
0.1,53.0,34.0,1.7,0.063,0.59,0.5
0.32,54.0,31.0,2.1,0.062,0.48,1.0
0.08,32.0,19.0,2.3,0.067,1.04,0.0
0.32,54.0,31.0,2.1,0.062,0.48,1.0
0.05,49.0,20.0,2.1,0.061,0.98,0.0
0.11,24.0,8.0,1.4,0.084,0.69,0.5
0.08,16.0,8.0,3.75,0.067,0.7,0.5
0.6,44.0,23.0,2.6,0.073,0.35,0.5
0.08,45.0,14.0,1.8,0.071,0.6,0.5
0.5,82.0,48.0,13.8,0.205,0.5,0.5
0.11,89.0,16.0,2.2,0.048,0.47,1.0
0.5,82.0,48.0,13.8,0.205,0.5,0.5
0.11,89.0,16.0,2.2,0.048,0.47,1.0
0.05,14.0,3.0,5.7,0.08199999999999999,0.875,0.0
0.6,22.0,10.0,3.0,0.104,0.28,0.5
0.03,13.0,6.0,1.5,0.08,0.62,0.0
0.6,22.0,10.0,3.0,0.104,0.28,0.5
0.54,9.0,3.0,2.1,0.114,0.58,0.0
0.44,12.0,6.0,1.5,0.042,0.33,0.5
0.06,11.0,4.0,2.0,0.06,0.91,0.0
0.16,25.0,8.0,2.1,0.07400000000000001,0.655,0.5
0.21,23.0,9.0,2.1,0.07,0.68,0.5
0.05,17.0,9.0,1.9,0.066,0.64,0.5
0.04,13.0,5.0,1.7,0.049,0.54,0.5
0.1,11.0,4.0,2.1,0.048,0.57,0.5
0.49,18.0,8.0,1.8,0.039,0.22,0.5
0.04,13.0,5.0,1.7,0.049,0.54,0.5
0.06,18.0,6.0,1.6,0.05,0.65,0.5
0.26,147.0,23.0,1.9,0.08900000000000001,0.54,0.5
0.09,28.0,15.0,1.4,0.066,0.31,1.0
0.02,28.0,15.0,1.9,0.08,0.43,0.5
0.26,147.0,23.0,1.9,0.08900000000000001,0.54,0.5
0.03,16.0,7.0,2.3,0.054000000000000006,0.74,0.5
0.04,13.0,7.0,2.3,0.068,0.895,0.5
0.03,16.0,7.0,2.3,0.054000000000000006,0.74,0.5
0.04,15.0,8.0,1.5,0.076,0.725,0.5
0.29,64.0,21.0,4.3,0.083,0.82,0.5
0.18,60.0,15.0,2.4,0.078,0.585,0.5
0.39,14.0,6.0,2.5,0.077,0.44,0.5
0.57,12.0,5.0,2.3,0.106,0.38,0.5
0.02,12.0,6.0,1.8,0.078,0.76,0.0
0.05,14.0,6.0,2.0,0.07,0.81,0.5
0.57,12.0,5.0,2.3,0.106,0.38,0.5
0.6,25.0,17.0,2.1,0.07400000000000001,0.27,0.5
0.4,20.0,7.0,1.8,0.062,0.18,0.5
0.21,48.0,26.0,2.2,0.047,0.36,0.5
0.04,27.0,19.0,2.1,0.068,0.69,0.5
0.04,17.0,11.0,2.2,0.061,0.79,0.5
0.15,65.0,17.0,1.8,0.078,0.56,0.5
0.21,65.0,16.0,4.1,0.07400000000000001,0.84,0.5
0.21,65.0,16.0,4.1,0.07400000000000001,0.84,0.5
0.25,58.0,23.0,2.3,0.071,0.32,0.5
0.06,44.0,29.0,2.0,0.063,0.53,0.5
0.46,20.0,7.0,2.2,0.114,0.47,0.5
0.08,27.0,14.0,2.6,0.106,0.7,0.5
0.06,44.0,29.0,2.0,0.063,0.53,0.5
0.2,23.0,9.0,1.9,0.08199999999999999,0.48,0.0
0.25,58.0,23.0,2.3,0.071,0.32,0.5
0.25,61.0,29.0,2.0,0.076,0.48,0.5
0.19,47.0,22.0,2.0,0.075,0.42,0.5
0.08,34.0,18.0,2.1,0.064,0.48,0.5
0.08,38.0,18.0,2.2,0.064,0.47,0.5
0.07,24.0,15.0,1.7,0.071,0.53,0.5
0.49,59.0,21.0,2.2,0.096,0.29,0.5
0.08,52.0,42.0,2.1,0.063,0.69,0.5
0.09,18.0,9.0,2.2,0.063,0.44,0.5
0.1,28.0,13.0,2.8,0.081,0.705,0.5
0.13,22.0,18.0,2.0,0.058,0.53,0.5
0.3,84.0,32.0,1.9,0.07400000000000001,0.39,0.5
0.14,29.0,13.0,2.4,0.064,0.56,1.0
0.13,35.0,15.0,2.2,0.075,0.55,0.5
0.08,45.0,24.0,1.9,0.077,0.53,0.5
0.08,31.0,20.0,1.9,0.059,0.58,0.5
0.09,26.0,15.0,2.5,0.081,0.64,0.5
0.32,60.0,34.0,1.8,0.065,0.39,0.5
0.08,32.0,11.0,4.4,0.071,0.52,0.5
0.29,49.0,19.0,2.2,0.054000000000000006,0.25,1.0
0.02,38.0,29.0,1.9,0.064,0.855,0.5
0.42,19.0,14.0,2.2,0.064,0.44,0.5
0.43,19.0,12.0,2.3,0.063,0.37,1.0
0.33,28.0,16.0,1.8,0.059,0.63,0.5
0.02,26.0,17.0,2.0,0.07200000000000001,0.57,0.5
0.1,26.0,12.0,1.6,0.048,0.6,0.5
0.5,50.0,19.0,2.0,0.099,0.4,0.5
0.3,24.0,17.0,1.8,0.07400000000000001,0.36,1.0
0.0,26.0,17.0,2.3,0.087,0.68,0.5
0.0,27.0,18.0,2.3,0.083,0.67,0.5
0.01,54.0,32.0,3.7,0.103,0.68,0.5
0.0,28.0,18.0,2.2,0.08,0.735,0.5
0.02,23.0,15.0,2.4,0.062,0.855,0.5
0.17,24.0,15.0,1.7,0.065,0.56,1.0
0.04,20.0,12.0,2.2,0.066,0.88,0.5
0.02,23.0,15.0,2.4,0.062,0.855,0.5
0.33,115.0,66.0,6.7,0.235,0.63,0.5
0.26,131.0,31.0,2.0,0.08,0.6,0.5
0.26,131.0,31.0,2.0,0.08,0.6,0.5
0.26,131.0,31.0,2.0,0.08,0.6,0.5
0.13,20.0,12.0,2.0,0.076,0.695,0.5
0.13,20.0,12.0,2.0,0.076,0.695,0.5
0.13,20.0,12.0,2.0,0.076,0.695,0.5
0.02,42.0,26.0,1.9,0.061,0.67,0.5
0.64,52.0,24.0,2.1,0.059,0.16,0.5
0.13,20.0,12.0,2.0,0.076,0.695,0.5
0.13,42.0,25.0,1.6,0.077,0.56,0.5
0.14,34.0,15.0,1.9,0.056,0.51,0.5
0.53,35.0,19.0,2.2,0.23,0.36,0.5
0.14,25.0,15.0,2.2,0.038,0.38,0.5
0.32,104.0,35.0,2.2,0.069,0.69,0.5
0.2,50.0,15.0,2.4,0.075,0.58,0.5
0.78,92.0,23.0,13.9,0.07400000000000001,0.31,0.5
0.4,20.0,12.0,2.2,0.06,0.52,0.5
0.63,29.0,16.0,1.6,0.081,0.3,0.5
0.15,27.0,13.0,5.1,0.076,0.7,0.5
0.15,20.0,13.0,1.8,0.118,0.67,0.5
0.09,32.0,24.0,1.7,0.053,0.56,0.5
0.33,26.0,9.0,2.4,0.068,0.35,0.5
0.09,32.0,24.0,1.7,0.053,0.56,0.5
0.1,27.0,13.0,2.6,0.053,0.715,0.5
0.29,98.0,32.0,2.1,0.07400000000000001,0.46,0.5
0.44,34.0,24.0,2.4,0.061,0.32,1.0
0.44,48.0,22.0,2.6,0.066,0.39,0.5
0.41,60.0,34.0,2.4,0.065,0.31,0.5
0.11,28.0,18.0,1.8,0.066,0.61,0.5
0.33,102.0,34.0,2.5,0.068,0.66,0.5
0.2,79.0,29.0,7.8,0.073,0.725,0.5
0.15,35.0,26.0,1.8,0.077,0.55,0.5
0.09,26.0,16.0,1.7,0.08900000000000001,0.74,0.5
0.13,40.0,29.0,2.3,0.076,0.51,0.5
0.08,38.0,28.0,1.9,0.068,0.62,0.5
0.08,44.0,32.0,2.0,0.09,0.6,0.5
0.1,51.0,39.0,2.2,0.062,0.55,0.5
0.13,40.0,29.0,2.3,0.076,0.51,0.5
0.12,44.0,32.0,2.0,0.075,0.645,0.5
0.47,42.0,18.0,3.6,0.067,0.31,0.5
